last_month_value,this_month_value,revision,revision_report_date,previous_report_date
48762.0,48766.0,4.0,1955-06-07,1955-05-06
48849.0,48878.0,29.0,1955-06-07,1955-05-06
49184.0,49214.0,30.0,1955-07-08,1955-06-07
49330.0,49483.0,153.0,1955-08-09,1955-07-08
49684.0,49654.0,-30.0,1955-09-07,1955-08-09
49678.0,49750.0,72.0,1955-10-10,1955-09-07
49821.0,49847.0,26.0,1955-11-07,1955-10-10
49907.0,49969.0,62.0,1955-12-07,1955-11-07
50149.0,50181.0,32.0,1956-01-09,1955-12-07
50031.0,50211.0,180.0,1956-02-07,1956-01-09
50208.0,50293.0,85.0,1956-03-09,1956-02-07
50179.0,50280.0,101.0,1956-04-09,1956-03-09
50211.0,50210.0,-1.0,1956-05-08,1956-04-09
50377.0,51281.0,904.0,1956-06-08,1956-05-08
51256.0,51389.0,133.0,1956-07-09,1956-06-08
51437.0,51623.0,186.0,1956-08-08,1956-07-09
51126.0,51022.0,-104.0,1956-09-10,1956-08-08
51621.0,51707.0,86.0,1956-10-09,1956-09-10
51555.0,51603.0,48.0,1956-11-08,1956-10-09
51817.0,51869.0,52.0,1956-12-10,1956-11-08
51886.0,51943.0,57.0,1957-01-11,1956-12-10
51988.0,52071.0,83.0,1957-02-08,1957-01-11
52112.0,52063.0,-49.0,1957-03-12,1957-02-08
52151.0,52105.0,-46.0,1957-04-09,1957-03-12
52008.0,52063.0,55.0,1957-05-10,1957-04-09
51992.0,52567.0,575.0,1957-06-11,1957-05-10
52569.0,52639.0,70.0,1957-07-11,1957-06-11
52615.0,52762.0,147.0,1957-08-12,1957-07-11
52786.0,52809.0,23.0,1957-09-10,1957-08-12
52788.0,52870.0,82.0,1957-10-10,1957-09-10
52682.0,52644.0,-38.0,1957-11-08,1957-10-10
52507.0,52486.0,-21.0,1957-12-11,1957-11-08
52189.0,52237.0,48.0,1958-01-14,1957-12-11
51895.0,51930.0,35.0,1958-02-11,1958-01-14
51735.0,51756.0,21.0,1958-03-11,1958-02-11
51151.0,51035.0,-116.0,1958-04-08,1958-03-11
50732.0,50739.0,7.0,1958-05-08,1958-04-08
50579.0,50585.0,6.0,1958-06-06,1958-05-08
50700.0,50144.0,-556.0,1958-07-08,1958-06-06
50289.0,50297.0,8.0,1958-08-08,1958-07-08
50428.0,50431.0,3.0,1958-09-09,1958-08-08
50529.0,50552.0,23.0,1958-10-10,1958-09-09
50651.0,50779.0,128.0,1958-11-10,1958-10-10
50660.0,50586.0,-74.0,1958-12-10,1958-11-10
50773.0,50825.0,52.0,1959-01-13,1958-12-10
50736.0,50818.0,82.0,1959-02-10,1959-01-13
50992.0,51022.0,30.0,1959-03-11,1959-02-10
51036.0,51113.0,77.0,1959-04-07,1959-03-11
51357.0,51394.0,37.0,1959-05-11,1959-04-07
51763.0,51869.0,106.0,1959-06-10,1959-05-11
52100.0,52127.0,27.0,1959-07-14,1959-06-10
52345.0,52408.0,63.0,1959-08-11,1959-07-14
52572.0,52585.0,13.0,1959-09-10,1959-08-11
52407.0,52011.0,-396.0,1959-10-13,1959-09-10
51999.0,52169.0,170.0,1959-11-11,1959-10-13
52006.0,51996.0,-10.0,1959-12-11,1959-11-11
52120.0,52199.0,79.0,1960-01-15,1959-12-11
52485.0,52654.0,169.0,1960-02-11,1960-01-15
52800.0,52881.0,81.0,1960-03-15,1960-02-11
52928.0,52950.0,22.0,1960-04-12,1960-03-15
52736.0,52803.0,67.0,1960-05-11,1960-04-12
53044.0,53109.0,65.0,1960-06-13,1960-05-11
53042.0,53095.0,53.0,1960-07-12,1960-06-13
53039.0,53114.0,75.0,1960-08-10,1960-07-12
53133.0,53158.0,25.0,1960-09-09,1960-08-10
53076.0,53036.0,-40.0,1960-10-10,1960-09-09
52994.0,52952.0,-42.0,1960-11-10,1960-10-10
52854.0,52806.0,-48.0,1960-12-12,1960-11-10
52704.0,52588.0,-116.0,1961-01-13,1960-12-12
52224.0,52215.0,-9.0,1961-02-09,1961-01-13
52342.0,52273.0,-69.0,1961-03-07,1961-02-09
51996.0,51981.0,-15.0,1961-04-04,1961-03-07
52005.0,51841.0,-164.0,1961-05-02,1961-04-04
52176.0,52226.0,50.0,1961-05-31,1961-05-02
52433.0,52513.0,80.0,1961-07-05,1961-05-31
52829.0,52938.0,109.0,1961-08-02,1961-07-05
53160.0,53078.0,-82.0,1961-08-29,1961-08-02
53132.0,53143.0,11.0,1961-10-03,1961-08-29
53171.0,54417.0,1246.0,1961-11-03,1961-10-03
54576.0,54420.0,-156.0,1961-12-07,1961-11-03
54478.0,54517.0,39.0,1962-01-09,1961-12-07
54491.0,54495.0,4.0,1962-01-31,1962-01-09
54434.0,54424.0,-10.0,1962-03-07,1962-01-31
54693.0,54778.0,85.0,1962-04-06,1962-03-07
54828.0,54871.0,43.0,1962-05-09,1962-04-06
55112.0,55229.0,117.0,1962-05-31,1962-05-09
55291.0,55371.0,80.0,1962-07-05,1962-05-31
55414.0,55508.0,94.0,1962-08-01,1962-07-05
55632.0,55649.0,17.0,1962-09-05,1962-08-01
55565.0,55556.0,-9.0,1962-10-04,1962-09-05
55551.0,55582.0,31.0,1962-10-31,1962-10-04
55626.0,55620.0,-6.0,1962-12-05,1962-10-31
55589.0,55577.0,-12.0,1963-01-10,1962-12-05
55594.0,55617.0,23.0,1963-01-31,1963-01-10
55551.0,55552.0,1.0,1963-03-07,1963-01-31
55734.0,55727.0,-7.0,1963-04-04,1963-03-07
55928.0,55953.0,25.0,1963-05-02,1963-04-04
56229.0,56189.0,-40.0,1963-06-06,1963-05-02
56359.0,56413.0,54.0,1963-07-05,1963-06-06
56556.0,56588.0,32.0,1963-08-01,1963-07-05
56718.0,57356.0,638.0,1963-09-06,1963-08-01
57299.0,57325.0,26.0,1963-10-03,1963-09-06
57427.0,57452.0,25.0,1963-10-31,1963-10-03
57544.0,57622.0,78.0,1963-12-06,1963-10-31
57663.0,57623.0,-40.0,1964-01-10,1963-12-06
57805.0,57747.0,-58.0,1964-02-06,1964-01-10
57834.0,57802.0,-32.0,1964-03-06,1964-02-06
58082.0,58160.0,78.0,1964-04-03,1964-03-06
58226.0,58268.0,42.0,1964-05-07,1964-04-03
58471.0,58463.0,-8.0,1964-06-05,1964-05-07
58503.0,58551.0,48.0,1964-07-02,1964-06-05
58665.0,58750.0,85.0,1964-08-06,1964-07-02
58888.0,58929.0,41.0,1964-09-03,1964-08-06
58944.0,58936.0,-8.0,1964-10-01,1964-09-03
59039.0,59049.0,10.0,1964-11-05,1964-10-01
58983.0,58372.0,-611.0,1964-12-04,1964-11-05
58790.0,58871.0,81.0,1965-01-07,1964-12-04
59097.0,59187.0,90.0,1965-02-03,1965-01-07
59280.0,59328.0,48.0,1965-03-04,1965-02-03
59560.0,59677.0,117.0,1965-04-01,1965-03-04
59902.0,59968.0,66.0,1965-05-06,1965-04-01
59917.0,59916.0,-1.0,1965-06-03,1965-05-06
60064.0,60098.0,34.0,1965-07-01,1965-06-03
60306.0,60362.0,56.0,1965-08-05,1965-07-01
60528.0,60589.0,61.0,1965-09-02,1965-08-05
60711.0,60680.0,-31.0,1965-10-07,1965-09-02
60806.0,60796.0,-10.0,1965-11-04,1965-10-07
61019.0,60975.0,-44.0,1965-12-02,1965-11-04
61268.0,61430.0,162.0,1966-01-07,1965-12-02
61797.0,61865.0,68.0,1966-02-08,1966-01-07
62111.0,62146.0,35.0,1966-03-08,1966-02-08
62404.0,62488.0,84.0,1966-04-05,1966-03-08
62809.0,62881.0,72.0,1966-05-06,1966-04-05
62887.0,62933.0,46.0,1966-06-06,1966-05-06
63099.0,63060.0,-39.0,1966-07-11,1966-06-06
63384.0,63496.0,112.0,1966-08-08,1966-07-11
63646.0,64089.0,443.0,1966-09-02,1966-08-08
64299.0,64196.0,-103.0,1966-10-10,1966-09-02
64181.0,64159.0,-22.0,1966-11-04,1966-10-10
64351.0,64428.0,77.0,1966-12-02,1966-11-04
64699.0,64818.0,119.0,1967-01-09,1966-12-02
65066.0,65081.0,15.0,1967-02-09,1967-01-09
65360.0,65372.0,12.0,1967-03-16,1967-02-09
65495.0,65463.0,-32.0,1967-04-11,1967-03-16
65486.0,65513.0,27.0,1967-05-09,1967-04-11
65611.0,65479.0,-132.0,1967-06-05,1967-05-09
65435.0,65412.0,-23.0,1967-07-11,1967-06-05
65565.0,65687.0,122.0,1967-08-08,1967-07-11
65882.0,65947.0,65.0,1967-09-06,1967-08-08
66250.0,66216.0,-34.0,1967-10-11,1967-09-06
66100.0,66047.0,-53.0,1967-11-07,1967-10-11
66165.0,66231.0,66.0,1967-12-13,1967-11-07
66709.0,66929.0,220.0,1968-01-10,1967-12-13
67128.0,67110.0,-18.0,1968-02-07,1968-01-10
67694.0,67712.0,18.0,1968-04-10,1968-03-12
67855.0,67813.0,-42.0,1968-05-08,1968-04-10
67921.0,67784.0,-137.0,1968-06-12,1968-05-08
67788.0,67781.0,-7.0,1968-07-10,1968-06-12
67863.0,67997.0,134.0,1968-08-07,1968-07-10
68156.0,68201.0,45.0,1968-09-11,1968-08-07
68409.0,68335.0,-74.0,1968-10-09,1968-09-11
68458.0,68389.0,-69.0,1968-11-06,1968-10-09
68525.0,68640.0,115.0,1968-12-11,1968-11-06
68803.0,68920.0,117.0,1969-01-09,1968-12-11
69186.0,69280.0,94.0,1969-02-11,1969-01-09
69538.0,69618.0,80.0,1969-03-10,1969-02-11
69997.0,69955.0,-42.0,1969-04-08,1969-03-10
70102.0,70180.0,78.0,1969-05-05,1969-04-08
70214.0,70190.0,-24.0,1969-06-09,1969-05-05
70282.0,70024.0,-258.0,1969-07-08,1969-06-09
70216.0,70270.0,54.0,1969-08-04,1969-07-08
70462.0,70269.0,-193.0,1969-09-08,1969-08-04
70436.0,70405.0,-31.0,1969-10-06,1969-09-08
70398.0,70486.0,88.0,1969-11-07,1969-10-06
70673.0,70642.0,-31.0,1969-12-05,1969-11-07
70621.0,70653.0,32.0,1970-01-09,1969-12-05
70639.0,70656.0,17.0,1970-02-06,1970-01-09
70649.0,70778.0,129.0,1970-03-06,1970-02-06
70766.0,70990.0,224.0,1970-04-10,1970-03-06
71033.0,71060.0,27.0,1970-05-08,1970-04-10
70972.0,71124.0,152.0,1970-06-05,1970-05-08
70855.0,70881.0,26.0,1970-07-02,1970-06-05
70666.0,70598.0,-68.0,1970-08-07,1970-07-02
70455.0,70635.0,180.0,1970-09-04,1970-08-07
70543.0,70384.0,-159.0,1970-10-02,1970-09-04
70380.0,70610.0,230.0,1970-11-06,1970-10-02
70129.0,70216.0,87.0,1970-12-04,1970-11-06
70082.0,70076.0,-6.0,1971-01-08,1970-12-04
70364.0,70264.0,-100.0,1971-02-05,1971-01-08
70487.0,70609.0,122.0,1971-03-05,1971-02-05
70514.0,70559.0,45.0,1971-04-02,1971-03-05
70568.0,70662.0,94.0,1971-05-07,1971-04-02
70719.0,70696.0,-23.0,1971-06-04,1971-05-07
70826.0,70891.0,65.0,1971-07-02,1971-06-04
70581.0,70647.0,66.0,1971-08-06,1971-07-02
70456.0,70566.0,110.0,1971-09-03,1971-08-06
70552.0,70554.0,2.0,1971-10-08,1971-09-03
70855.0,70907.0,52.0,1971-11-05,1971-10-08
70901.0,70831.0,-70.0,1971-12-03,1971-11-05
70915.0,70981.0,66.0,1972-01-07,1971-12-03
71104.0,71167.0,63.0,1972-02-04,1972-01-07
71407.0,71603.0,196.0,1972-03-03,1972-02-04
71686.0,71702.0,16.0,1972-04-07,1972-03-03
71978.0,71990.0,12.0,1972-05-05,1972-04-07
72172.0,72269.0,97.0,1972-06-02,1972-05-05
72475.0,72540.0,65.0,1972-07-07,1972-06-02
72556.0,72647.0,91.0,1972-08-04,1972-07-07
72565.0,72592.0,27.0,1972-09-01,1972-08-04
72871.0,72980.0,109.0,1972-10-06,1972-09-01
73221.0,73232.0,11.0,1972-11-03,1972-10-06
73535.0,73559.0,24.0,1972-12-08,1972-11-03
73765.0,73868.0,103.0,1973-01-05,1972-12-08
73892.0,74024.0,132.0,1973-02-02,1973-01-05
74221.0,74155.0,-66.0,1973-03-09,1973-02-02
74596.0,74713.0,117.0,1973-04-06,1973-03-09
74901.0,74933.0,32.0,1973-05-04,1973-04-06
75042.0,75074.0,32.0,1973-06-01,1973-05-04
75222.0,75269.0,47.0,1973-07-06,1973-06-01
75464.0,75432.0,-32.0,1973-08-03,1973-07-06
75471.0,75515.0,44.0,1973-09-07,1973-08-03
75807.0,75702.0,-105.0,1973-10-05,1973-09-07
75892.0,75972.0,80.0,1973-11-02,1973-10-05
76277.0,76275.0,-2.0,1973-12-07,1973-11-02
76476.0,76642.0,166.0,1974-01-04,1973-12-07
76677.0,76631.0,-46.0,1974-02-01,1974-01-04
76372.0,76520.0,148.0,1974-03-08,1974-02-01
76695.0,76773.0,78.0,1974-04-05,1974-03-08
76648.0,76785.0,137.0,1974-05-03,1974-04-05
76911.0,76928.0,17.0,1974-06-07,1974-05-03
77110.0,77155.0,45.0,1974-07-05,1974-06-07
77107.0,77073.0,-34.0,1974-08-02,1974-07-05
76951.0,77100.0,149.0,1974-09-06,1974-08-02
77177.0,77113.0,-64.0,1974-10-04,1974-09-06
77146.0,77409.0,263.0,1974-11-01,1974-10-04
77439.0,78811.0,1372.0,1974-12-06,1974-11-01
78368.0,78400.0,32.0,1975-01-03,1974-12-06
77726.0,77733.0,7.0,1975-02-07,1975-01-03
77295.0,77166.0,-129.0,1975-03-07,1975-02-07
76558.0,76678.0,120.0,1975-04-04,1975-03-07
76353.0,76346.0,-7.0,1975-05-02,1975-04-04
76293.0,76381.0,88.0,1975-06-06,1975-05-02
76443.0,76439.0,-4.0,1975-07-03,1975-06-06
76464.0,76264.0,-200.0,1975-08-01,1975-07-03
76352.0,76507.0,155.0,1975-09-05,1975-08-01
77035.0,77029.0,-6.0,1975-10-03,1975-09-05
77211.0,77275.0,64.0,1975-11-07,1975-10-03
77492.0,77508.0,16.0,1975-12-05,1975-11-07
77549.0,77558.0,9.0,1976-01-09,1975-12-05
77798.0,77782.0,-16.0,1976-02-06,1976-01-09
78140.0,78137.0,-3.0,1976-03-05,1976-02-06
78344.0,78320.0,-24.0,1976-04-02,1976-03-05
78511.0,78545.0,34.0,1976-05-07,1976-04-02
78888.0,78942.0,54.0,1976-06-04,1976-05-07
78999.0,78964.0,-35.0,1976-07-02,1976-06-04
78988.0,78900.0,-88.0,1976-08-06,1976-07-02
79121.0,79192.0,71.0,1976-09-03,1976-08-06
79431.0,79317.0,-114.0,1976-10-08,1976-09-03
79561.0,79567.0,6.0,1976-11-05,1976-10-08
79513.0,79451.0,-62.0,1976-12-03,1976-11-05
79711.0,79700.0,-11.0,1977-01-12,1976-12-03
79957.0,80322.0,365.0,1977-02-04,1977-01-12
80553.0,80559.0,6.0,1977-03-04,1977-02-04
80818.0,80816.0,-2.0,1977-04-01,1977-03-04
81304.0,81372.0,68.0,1977-05-06,1977-04-01
81644.0,81605.0,-39.0,1977-06-03,1977-05-06
81792.0,81921.0,129.0,1977-07-08,1977-06-03
82056.0,82095.0,39.0,1977-08-05,1977-07-08
82351.0,82356.0,5.0,1977-09-02,1977-08-05
82448.0,82459.0,11.0,1977-10-07,1977-09-02
82750.0,82807.0,57.0,1977-11-04,1977-10-07
82926.0,82905.0,-21.0,1977-12-02,1977-11-04
83217.0,83222.0,5.0,1978-01-11,1977-12-02
83439.0,83432.0,-7.0,1978-02-03,1978-01-11
83685.0,83725.0,40.0,1978-03-10,1978-02-03
84074.0,84055.0,-19.0,1978-04-07,1978-03-10
84498.0,84537.0,39.0,1978-05-05,1978-04-07
85156.0,85170.0,14.0,1978-06-02,1978-05-05
85345.0,85454.0,109.0,1978-07-07,1978-06-02
85729.0,85767.0,38.0,1978-08-04,1978-07-07
86031.0,86003.0,-28.0,1978-09-01,1978-08-04
86116.0,86164.0,48.0,1978-10-06,1978-09-01
86106.0,86167.0,61.0,1978-11-03,1978-10-06
86597.0,86567.0,-30.0,1978-12-08,1978-11-03
87034.0,87020.0,-14.0,1979-01-12,1978-12-08
87270.0,87248.0,-22.0,1979-02-02,1979-01-12
87573.0,87465.0,-108.0,1979-03-09,1979-02-02
87766.0,87832.0,66.0,1979-04-06,1979-03-09
88156.0,88240.0,84.0,1979-05-04,1979-04-06
88312.0,88267.0,-45.0,1979-06-01,1979-05-04
88438.0,88516.0,78.0,1979-07-06,1979-06-01
88613.0,88709.0,96.0,1979-08-03,1979-07-06
88753.0,88813.0,60.0,1979-09-07,1979-08-03
88815.0,89718.0,903.0,1979-10-05,1979-09-07
89853.0,89845.0,-8.0,1979-11-02,1979-10-05
90151.0,89967.0,-184.0,1979-12-07,1979-11-02
90185.0,90109.0,-76.0,1980-01-11,1979-12-07
90426.0,90231.0,-195.0,1980-02-01,1980-01-11
90536.0,90590.0,54.0,1980-03-07,1980-02-01
90731.0,90774.0,43.0,1980-04-04,1980-03-07
90634.0,90799.0,165.0,1980-05-02,1980-04-04
90320.0,90508.0,188.0,1980-06-06,1980-05-02
90328.0,90602.0,274.0,1980-07-03,1980-06-06
90088.0,89973.0,-115.0,1980-08-01,1980-07-03
89735.0,89865.0,130.0,1980-09-05,1980-08-01
90066.0,90109.0,43.0,1980-10-03,1980-09-05
90296.0,90365.0,69.0,1980-11-07,1980-10-03
90622.0,90612.0,-10.0,1980-12-05,1980-11-07
90880.0,90917.0,37.0,1981-01-09,1980-12-05
91122.0,91116.0,-6.0,1981-02-06,1981-01-09
91490.0,91499.0,9.0,1981-03-06,1981-02-06
91550.0,91644.0,94.0,1981-04-03,1981-03-06
91645.0,91714.0,69.0,1981-05-08,1981-04-03
91494.0,91490.0,-4.0,1981-06-05,1981-05-08
91474.0,91530.0,56.0,1981-07-02,1981-06-05
91516.0,91583.0,67.0,1981-08-07,1981-07-02
92027.0,91929.0,-98.0,1981-10-02,1981-09-04
91875.0,91948.0,73.0,1981-11-06,1981-10-02
91743.0,91798.0,55.0,1981-12-04,1981-11-06
91561.0,91499.0,-62.0,1982-01-08,1981-12-04
91206.0,91096.0,-110.0,1982-02-05,1982-01-08
90859.0,90839.0,-20.0,1982-03-05,1982-02-05
90936.0,91040.0,104.0,1982-04-02,1982-03-05
90822.0,90760.0,-62.0,1982-05-07,1982-04-02
90593.0,89993.0,-600.0,1982-06-04,1982-05-07
89969.0,90151.0,182.0,1982-07-02,1982-06-04
90010.0,89860.0,-150.0,1982-08-06,1982-07-02
89843.0,89662.0,-181.0,1982-09-03,1982-08-06
89451.0,89268.0,-183.0,1982-10-08,1982-09-03
89038.0,89188.0,150.0,1982-11-05,1982-10-08
88925.0,88878.0,-47.0,1982-12-03,1982-11-05
88715.0,88684.0,-31.0,1983-01-07,1982-12-03
88518.0,88535.0,17.0,1983-02-04,1983-01-07
88874.0,88895.0,21.0,1983-03-04,1983-02-04
88715.0,88735.0,20.0,1983-04-01,1983-03-04
88854.0,88955.0,101.0,1983-05-06,1983-04-01
89213.0,89087.0,-126.0,1983-06-03,1983-05-06
89461.0,89416.0,-45.0,1983-07-08,1983-06-03
89760.0,89832.0,72.0,1983-08-05,1983-07-08
90319.0,90202.0,-117.0,1983-09-02,1983-08-05
89791.0,89735.0,-56.0,1983-10-07,1983-09-02
90468.0,90753.0,285.0,1983-11-04,1983-10-07
91073.0,91055.0,-18.0,1983-12-02,1983-11-04
91425.0,91413.0,-12.0,1984-01-06,1983-12-02
91644.0,91583.0,-61.0,1984-02-03,1984-01-06
91870.0,91863.0,-7.0,1984-03-09,1984-02-03
92249.0,92347.0,98.0,1984-04-06,1984-03-09
92490.0,92506.0,16.0,1984-05-04,1984-04-06
92913.0,93456.0,543.0,1984-06-01,1984-05-04
93688.0,93718.0,30.0,1984-07-06,1984-06-01
94019.0,94076.0,57.0,1984-08-03,1984-07-06
94378.0,94351.0,-27.0,1984-09-07,1984-08-03
94510.0,94532.0,22.0,1984-10-05,1984-09-07
94671.0,94754.0,83.0,1984-11-02,1984-10-05
95195.0,95150.0,-45.0,1984-12-07,1984-11-02
95453.0,95489.0,36.0,1985-01-09,1984-12-07
95798.0,95661.0,-137.0,1985-02-01,1985-01-09
96009.0,95993.0,-16.0,1985-03-08,1985-02-01
96112.0,96157.0,45.0,1985-04-05,1985-03-08
96538.0,96514.0,-24.0,1985-05-03,1985-04-05
96731.0,97118.0,387.0,1985-06-07,1985-05-03
97463.0,97386.0,-77.0,1985-07-05,1985-06-07
97466.0,97449.0,-17.0,1985-08-02,1985-07-05
97692.0,97722.0,30.0,1985-09-06,1985-08-02
98010.0,97987.0,-23.0,1985-10-04,1985-09-06
98529.0,98571.0,42.0,1985-12-06,1985-11-01
98753.0,98739.0,-14.0,1986-01-08,1985-12-06
99059.0,99069.0,10.0,1986-02-07,1986-01-08
99635.0,99507.0,-128.0,1986-03-07,1986-02-07
99733.0,99649.0,-84.0,1986-04-04,1986-03-07
99841.0,99834.0,-7.0,1986-05-02,1986-04-04
100040.0,99797.0,-243.0,1986-06-06,1986-05-02
99946.0,99908.0,-38.0,1986-07-03,1986-06-06
99819.0,99864.0,45.0,1986-08-01,1986-07-03
100253.0,100122.0,-131.0,1986-09-05,1986-08-01
100324.0,100261.0,-63.0,1986-10-03,1986-09-05
100368.0,100448.0,80.0,1986-11-07,1986-10-03
100746.0,100820.0,74.0,1986-12-05,1986-11-07
101069.0,101065.0,-4.0,1987-01-09,1986-12-05
101334.0,101293.0,-41.0,1987-02-06,1987-01-09
101741.0,101641.0,-100.0,1987-03-06,1987-02-06
101978.0,101862.0,-116.0,1987-04-03,1987-03-06
102026.0,102009.0,-17.0,1987-05-08,1987-04-03
102325.0,101609.0,-716.0,1987-06-05,1987-05-08
101732.0,101672.0,-60.0,1987-07-02,1987-06-05
101788.0,101811.0,23.0,1987-08-07,1987-07-02
102115.0,102114.0,-1.0,1987-09-04,1987-08-07
102270.0,102278.0,8.0,1987-10-02,1987-09-04
102410.0,102396.0,-14.0,1987-11-06,1987-10-02
102945.0,102970.0,25.0,1987-12-04,1987-11-06
103244.0,103246.0,2.0,1988-01-08,1987-12-04
103572.0,103596.0,24.0,1988-02-05,1988-01-08
103703.0,103786.0,83.0,1988-03-04,1988-02-05
104317.0,104344.0,27.0,1988-04-01,1988-03-04
104606.0,104661.0,55.0,1988-05-06,1988-04-01
104835.0,105269.0,434.0,1988-06-03,1988-05-06
105478.0,105502.0,24.0,1988-07-08,1988-06-03
105848.0,106021.0,173.0,1988-08-05,1988-07-08
106304.0,106257.0,-47.0,1988-09-02,1988-08-05
106476.0,106440.0,-36.0,1988-10-07,1988-09-02
106695.0,106729.0,34.0,1988-11-04,1988-10-07
107052.0,106975.0,-77.0,1988-12-02,1988-11-04
107438.0,107377.0,-61.0,1989-01-06,1988-12-02
107656.0,107640.0,-16.0,1989-02-03,1989-01-06
108048.0,108056.0,8.0,1989-03-10,1989-02-03
108525.0,108512.0,-13.0,1989-05-05,1989-04-07
108341.0,107711.0,-630.0,1989-06-02,1989-05-05
108629.0,108094.0,-535.0,1989-06-02,1989-05-05
108195.0,108308.0,113.0,1989-07-07,1989-06-02
108488.0,108560.0,72.0,1989-08-04,1989-07-07
108729.0,108791.0,62.0,1989-09-01,1989-08-04
108901.0,108855.0,-46.0,1989-10-06,1989-09-01
109064.0,109088.0,24.0,1989-11-03,1989-10-06
109321.0,109189.0,-132.0,1989-12-08,1989-11-03
109399.0,109393.0,-6.0,1990-01-05,1989-12-08
109535.0,109548.0,13.0,1990-02-02,1990-01-05
109823.0,109902.0,79.0,1990-03-09,1990-02-02
110274.0,110287.0,13.0,1990-04-06,1990-03-09
110313.0,110407.0,94.0,1990-05-04,1990-04-06
110471.0,110404.0,-67.0,1990-06-01,1990-05-04
110568.0,110757.0,189.0,1990-07-06,1990-06-01
110797.0,110925.0,128.0,1990-08-03,1990-07-06
110706.0,110740.0,34.0,1990-09-07,1990-08-03
110665.0,110657.0,-8.0,1990-10-05,1990-09-07
110556.0,110561.0,5.0,1990-11-02,1990-10-05
110493.0,110434.0,-59.0,1990-12-07,1990-11-02
110167.0,110173.0,6.0,1991-01-04,1990-12-07
110097.0,110017.0,-80.0,1991-02-01,1991-01-04
109785.0,109771.0,-14.0,1991-03-08,1991-02-01
109587.0,109522.0,-65.0,1991-04-05,1991-03-08
109316.0,109286.0,-30.0,1991-05-03,1991-04-05
109162.0,108722.0,-440.0,1991-06-07,1991-05-03
108781.0,108855.0,74.0,1991-07-05,1991-06-07
108805.0,108866.0,61.0,1991-08-02,1991-07-05
108815.0,108812.0,-3.0,1991-09-06,1991-08-02
108846.0,108936.0,90.0,1991-10-04,1991-09-06
108960.0,109019.0,59.0,1991-11-01,1991-10-04
109018.0,109070.0,52.0,1991-12-06,1991-11-01
108829.0,108808.0,-21.0,1992-01-10,1991-12-06
108839.0,108846.0,7.0,1992-02-07,1992-01-10
108755.0,108733.0,-22.0,1992-03-06,1992-02-07
108897.0,108867.0,-30.0,1992-04-03,1992-03-06
108886.0,108905.0,19.0,1992-05-08,1992-04-03
109031.0,108382.0,-649.0,1992-06-05,1992-05-08
108450.0,108470.0,20.0,1992-07-02,1992-06-05
108353.0,108433.0,80.0,1992-08-07,1992-07-02
108631.0,108600.0,-31.0,1992-09-04,1992-08-07
108517.0,108466.0,-51.0,1992-10-02,1992-09-04
108409.0,108413.0,4.0,1992-11-06,1992-10-02
108440.0,108531.0,91.0,1992-12-04,1992-11-06
108636.0,108647.0,11.0,1993-01-08,1992-12-04
108711.0,108736.0,25.0,1993-02-05,1993-01-08
108842.0,108796.0,-46.0,1993-03-05,1993-02-05
109161.0,109232.0,71.0,1993-04-02,1993-03-05
109210.0,109194.0,-16.0,1993-05-07,1993-04-02
109313.0,109781.0,468.0,1993-06-04,1993-05-07
109990.0,110035.0,45.0,1993-07-02,1993-06-04
110048.0,110102.0,54.0,1993-08-06,1993-07-02
110264.0,110312.0,48.0,1993-09-03,1993-08-06
110273.0,110297.0,24.0,1993-10-08,1993-09-03
110453.0,110467.0,14.0,1993-11-05,1993-10-08
110644.0,110649.0,5.0,1993-12-03,1993-11-05
110857.0,110866.0,9.0,1994-01-07,1993-12-03
111049.0,111070.0,21.0,1994-02-04,1994-01-07
111132.0,111108.0,-24.0,1994-03-04,1994-02-04
111325.0,111277.0,-48.0,1994-04-01,1994-03-04
111733.0,111821.0,88.0,1994-05-06,1994-04-01
112088.0,112656.0,568.0,1994-06-03,1994-05-06
112847.0,112951.0,104.0,1994-07-08,1994-06-03
113330.0,113307.0,-23.0,1994-08-05,1994-07-08
113566.0,113585.0,19.0,1994-09-02,1994-08-05
113764.0,113870.0,106.0,1994-10-07,1994-09-02
114109.0,114162.0,53.0,1994-11-04,1994-10-07
114356.0,114350.0,-6.0,1994-12-02,1994-11-04
114700.0,114836.0,136.0,1995-01-06,1994-12-02
115226.0,115289.0,63.0,1995-03-10,1995-02-03
115607.0,115627.0,20.0,1995-04-07,1995-03-10
115830.0,115814.0,-16.0,1995-05-05,1995-04-07
115805.0,116295.0,490.0,1995-06-02,1995-05-05
116194.0,116264.0,70.0,1995-07-07,1995-06-02
116479.0,116498.0,19.0,1995-08-04,1995-07-07
116802.0,116837.0,35.0,1995-10-06,1995-09-01
116958.0,116888.0,-70.0,1995-11-03,1995-10-06
117004.0,116998.0,-6.0,1995-12-08,1995-11-03
117315.0,117373.0,58.0,1996-02-02,1996-01-19
117172.0,117169.0,-3.0,1996-03-08,1996-02-02
117874.0,117835.0,-39.0,1996-04-05,1996-03-08
117975.0,118020.0,45.0,1996-05-03,1996-04-05
118022.0,118900.0,878.0,1996-06-07,1996-05-03
119248.0,119293.0,45.0,1996-07-05,1996-06-07
119532.0,119555.0,23.0,1996-08-02,1996-07-05
119748.0,119782.0,34.0,1996-09-06,1996-08-02
120032.0,120029.0,-3.0,1996-10-04,1996-09-06
119989.0,120017.0,28.0,1996-11-01,1996-10-04
120227.0,120274.0,47.0,1996-12-06,1996-11-01
120392.0,120438.0,46.0,1997-01-10,1996-12-06
120700.0,120753.0,53.0,1997-02-07,1997-01-10
121024.0,120970.0,-54.0,1997-03-07,1997-02-07
121309.0,121275.0,-34.0,1997-04-04,1997-03-07
121450.0,121435.0,-15.0,1997-05-02,1997-04-04
121577.0,121667.0,90.0,1997-06-06,1997-05-02
121805.0,121837.0,32.0,1997-07-03,1997-06-06
122054.0,122062.0,8.0,1997-08-01,1997-07-03
122378.0,122421.0,43.0,1997-09-05,1997-08-01
122470.0,122480.0,10.0,1997-10-03,1997-09-05
122695.0,122761.0,66.0,1997-11-07,1997-10-03
123045.0,123079.0,34.0,1997-12-05,1997-11-07
123483.0,123495.0,12.0,1998-01-09,1997-12-05
123865.0,123867.0,2.0,1998-02-06,1998-01-09
124225.0,124241.0,16.0,1998-03-06,1998-02-06
124551.0,124517.0,-34.0,1998-04-03,1998-03-06
124481.0,124500.0,19.0,1998-05-08,1998-04-03
124762.0,125216.0,454.0,1998-06-05,1998-05-08
125512.0,125543.0,31.0,1998-07-02,1998-06-05
125748.0,125758.0,10.0,1998-08-07,1998-07-02
125824.0,125819.0,-5.0,1998-09-04,1998-08-07
126184.0,126178.0,-6.0,1998-10-02,1998-09-04
126247.0,126348.0,101.0,1998-11-05,1998-10-02
126464.0,126508.0,44.0,1998-12-04,1998-11-05
126775.0,126778.0,3.0,1999-01-08,1998-12-04
127156.0,127102.0,-54.0,1999-02-05,1999-01-08
127347.0,127335.0,-12.0,1999-03-05,1999-02-05
127610.0,127632.0,22.0,1999-04-02,1999-03-05
127678.0,127677.0,-1.0,1999-05-07,1999-04-02
127911.0,128156.0,245.0,1999-06-04,1999-05-07
128167.0,128129.0,-38.0,1999-07-02,1999-06-04
128397.0,128435.0,38.0,1999-08-06,1999-07-02
128745.0,128781.0,36.0,1999-09-03,1999-08-06
128905.0,128919.0,14.0,1999-10-08,1999-09-03
128911.0,128986.0,75.0,1999-11-05,1999-10-08
129296.0,129311.0,15.0,1999-12-03,1999-11-05
129545.0,129554.0,9.0,2000-01-07,1999-12-03
129869.0,129905.0,36.0,2000-02-04,2000-01-07
130292.0,130282.0,-10.0,2000-03-03,2000-02-04
130325.0,130299.0,-26.0,2000-04-07,2000-03-03
130715.0,130777.0,62.0,2000-05-05,2000-04-07
131117.0,131423.0,306.0,2000-06-02,2000-05-05
131654.0,131590.0,-64.0,2000-07-07,2000-06-02
131601.0,131620.0,19.0,2000-08-04,2000-07-07
131512.0,131596.0,84.0,2000-09-01,2000-08-04
131491.0,131516.0,25.0,2000-10-06,2000-09-01
131768.0,131723.0,-45.0,2000-11-03,2000-10-06
131860.0,131800.0,-60.0,2000-12-08,2000-11-03
131894.0,131848.0,-46.0,2001-01-05,2000-12-08
131953.0,131861.0,-92.0,2001-02-02,2001-01-05
132129.0,132102.0,-27.0,2001-03-09,2001-02-02
132237.0,132307.0,70.0,2001-04-06,2001-03-09
132221.0,132250.0,29.0,2001-05-04,2001-04-06
132027.0,132472.0,445.0,2001-06-01,2001-05-04
132453.0,132497.0,44.0,2001-07-06,2001-06-01
132383.0,132437.0,54.0,2001-08-03,2001-07-06
132395.0,132444.0,49.0,2001-09-07,2001-08-03
132331.0,132365.0,34.0,2001-10-05,2001-09-07
132166.0,132182.0,16.0,2001-11-02,2001-10-05
131767.0,131762.0,-5.0,2001-12-07,2001-11-02
131431.0,131411.0,-20.0,2002-01-04,2001-12-07
131287.0,131297.0,10.0,2002-02-01,2002-01-04
131208.0,131195.0,-13.0,2002-03-08,2002-02-01
131261.0,131210.0,-51.0,2002-04-05,2002-03-08
131268.0,131187.0,-81.0,2002-05-03,2002-04-05
131230.0,130707.0,-523.0,2002-06-07,2002-05-03
130748.0,130704.0,-44.0,2002-07-05,2002-06-07
130740.0,130768.0,28.0,2002-08-02,2002-07-05
130774.0,130803.0,29.0,2002-09-06,2002-08-02
130842.0,130897.0,55.0,2002-10-04,2002-09-06
130854.0,130900.0,46.0,2002-11-01,2002-10-04
130895.0,130915.0,20.0,2002-12-06,2002-11-01
130709.0,130661.0,-48.0,2003-02-07,2003-01-10
130810.0,130817.0,7.0,2003-02-07,2003-01-10
130804.0,130855.0,51.0,2003-03-07,2003-02-07
130547.0,130516.0,-31.0,2003-04-04,2003-03-07
130408.0,130396.0,-12.0,2003-05-02,2003-04-04
130348.0,130084.0,-264.0,2003-06-06,2003-05-02
130067.0,129992.0,-75.0,2003-07-03,2003-06-06
129962.0,129914.0,-48.0,2003-08-01,2003-07-03
129870.0,129854.0,-16.0,2003-09-05,2003-08-01
129761.0,129805.0,44.0,2003-10-03,2003-09-05
130006.0,129980.0,-26.0,2003-12-05,2003-11-07
130132.0,130117.0,-15.0,2003-12-05,2003-11-07
130174.0,130123.0,-51.0,2004-01-09,2003-12-05
130124.0,130043.0,-81.0,2004-02-06,2004-01-09
130155.0,130132.0,-23.0,2004-03-05,2004-02-06
130153.0,130240.0,87.0,2004-04-02,2004-03-05
130548.0,130614.0,66.0,2004-05-07,2004-04-02
130902.0,130976.0,74.0,2004-06-04,2004-05-07
131224.0,131189.0,-35.0,2004-07-02,2004-06-04
131301.0,131240.0,-61.0,2004-08-06,2004-07-02
131272.0,131331.0,59.0,2004-09-03,2004-08-06
131475.0,131471.0,-4.0,2004-10-08,2004-09-03
131567.0,131680.0,113.0,2004-11-05,2004-10-08
132017.0,131963.0,-54.0,2004-12-03,2004-11-05
132075.0,132109.0,34.0,2005-01-07,2004-12-03
132266.0,132427.0,161.0,2005-02-04,2005-01-07
132573.0,132581.0,8.0,2005-03-04,2005-02-04
132843.0,132816.0,-27.0,2005-04-01,2005-03-04
132926.0,133019.0,93.0,2005-05-06,2005-04-01
133293.0,133269.0,-24.0,2005-06-03,2005-05-06
133347.0,133391.0,44.0,2005-07-08,2005-06-03
133537.0,133579.0,42.0,2005-08-05,2005-07-08
133786.0,133830.0,44.0,2005-09-02,2005-08-05
133999.0,134076.0,77.0,2005-10-07,2005-09-02
134041.0,134005.0,-36.0,2005-11-04,2005-10-07
134061.0,134074.0,13.0,2005-12-02,2005-11-04
134289.0,134360.0,71.0,2006-01-06,2005-12-02
134468.0,134371.0,-97.0,2006-02-03,2006-01-06
134564.0,134546.0,-18.0,2006-03-10,2006-02-03
134789.0,134755.0,-34.0,2006-04-07,2006-03-10
134966.0,134930.0,-36.0,2006-05-05,2006-04-07
135068.0,135031.0,-37.0,2006-06-02,2006-05-05
135106.0,135109.0,3.0,2006-07-07,2006-06-02
135230.0,135241.0,11.0,2006-08-04,2006-07-07
135354.0,135372.0,18.0,2006-09-01,2006-08-04
135500.0,135562.0,62.0,2006-10-06,2006-09-01
135613.0,135752.0,139.0,2006-11-03,2006-10-06
135844.0,135886.0,42.0,2006-12-08,2006-11-03
136018.0,136047.0,29.0,2007-01-05,2006-12-08
136214.0,137147.0,933.0,2007-02-02,2007-01-05
137258.0,137313.0,55.0,2007-03-09,2007-02-02
137410.0,137442.0,32.0,2007-04-06,2007-03-09
137622.0,137596.0,-26.0,2007-05-04,2007-04-06
137684.0,137674.0,-10.0,2007-06-01,2007-05-04
137831.0,137906.0,75.0,2007-07-06,2007-06-01
138038.0,138030.0,-8.0,2007-08-03,2007-07-06
138122.0,138041.0,-81.0,2007-09-07,2007-08-03
138037.0,138155.0,118.0,2007-10-05,2007-09-07
138265.0,138255.0,-10.0,2007-11-02,2007-10-05
138421.0,138373.0,-48.0,2007-12-07,2007-11-02
138467.0,138477.0,10.0,2008-01-04,2007-12-07
138495.0,138119.0,-376.0,2008-02-01,2008-01-04
138102.0,138056.0,-46.0,2008-03-07,2008-02-01
137993.0,137926.0,-67.0,2008-04-04,2008-03-07
137846.0,137838.0,-8.0,2008-05-02,2008-04-04
137818.0,137803.0,-15.0,2008-06-06,2008-05-02
137754.0,137702.0,-52.0,2008-07-03,2008-06-06
137640.0,137666.0,26.0,2008-08-01,2008-07-03
137615.0,137557.0,-58.0,2008-09-05,2008-08-01
137473.0,137477.0,4.0,2008-10-03,2008-09-05
137318.0,137139.0,-179.0,2008-11-07,2008-10-03
136899.0,136700.0,-199.0,2008-12-05,2008-11-07
136167.0,136013.0,-154.0,2009-01-09,2008-12-05
135489.0,135178.0,-311.0,2009-02-06,2009-01-09
134580.0,134419.0,-161.0,2009-03-06,2009-02-06
133768.0,133682.0,-86.0,2009-04-03,2009-03-06
133019.0,132953.0,-66.0,2009-05-08,2009-04-03
132414.0,132496.0,82.0,2009-06-05,2009-05-08
132151.0,132159.0,8.0,2009-07-02,2009-06-05
131692.0,131735.0,43.0,2009-08-07,2009-07-02
131488.0,131439.0,-49.0,2009-09-04,2009-08-07
131223.0,131210.0,-13.0,2009-10-02,2009-09-04
130947.0,131038.0,91.0,2009-11-06,2009-10-02
130848.0,131007.0,159.0,2009-12-04,2009-11-06
130996.0,130995.0,-1.0,2010-01-08,2009-12-04
130910.0,129547.0,-1363.0,2010-02-05,2010-01-08
129527.0,129562.0,35.0,2010-03-05,2010-02-05
129526.0,129588.0,62.0,2010-04-02,2010-03-05
129750.0,129871.0,121.0,2010-05-07,2010-04-02
130161.0,130139.0,-22.0,2010-06-04,2010-05-07
130570.0,130595.0,25.0,2010-07-02,2010-06-04
130470.0,130373.0,-97.0,2010-08-06,2010-07-02
130242.0,130365.0,123.0,2010-09-03,2010-08-06
130311.0,130296.0,-15.0,2010-10-08,2010-09-03
130201.0,130311.0,110.0,2010-11-05,2010-10-08
130462.0,130500.0,38.0,2010-12-03,2010-11-05
130539.0,130609.0,70.0,2011-01-07,2010-12-03
130712.0,130229.0,-483.0,2011-02-04,2011-01-07
130265.0,130323.0,58.0,2011-03-04,2011-02-04
130515.0,130522.0,7.0,2011-04-01,2011-03-04
130738.0,130784.0,46.0,2011-05-06,2011-04-01
131028.0,130989.0,-39.0,2011-06-03,2011-05-06
131043.0,130999.0,-44.0,2011-07-08,2011-06-03
131017.0,131073.0,56.0,2011-08-05,2011-07-08
131190.0,131132.0,-58.0,2011-09-02,2011-08-05
131132.0,131231.0,99.0,2011-10-07,2011-09-02
131334.0,131436.0,102.0,2011-11-04,2011-10-07
131516.0,131588.0,72.0,2011-12-02,2011-11-04
131708.0,131700.0,-8.0,2012-01-06,2011-12-02
131900.0,132166.0,266.0,2012-02-03,2012-01-06
132409.0,132470.0,61.0,2012-03-09,2012-02-03
132697.0,132701.0,4.0,2012-04-06,2012-03-09
132821.0,132874.0,53.0,2012-05-04,2012-04-06
132989.0,132940.0,-49.0,2012-06-01,2012-05-04
133009.0,133008.0,-1.0,2012-07-06,2012-06-01
133088.0,133082.0,-6.0,2012-08-03,2012-07-06
133245.0,133204.0,-41.0,2012-09-07,2012-08-03
133300.0,133386.0,86.0,2012-10-05,2012-09-07
133500.0,133584.0,84.0,2012-11-02,2012-10-05
133755.0,133706.0,-49.0,2012-12-07,2012-11-02
133852.0,133866.0,14.0,2013-01-04,2012-12-07
134021.0,134668.0,647.0,2013-02-01,2013-01-04
134825.0,134810.0,-15.0,2013-03-08,2013-02-01
135046.0,135107.0,61.0,2013-04-05,2013-03-08
135195.0,135309.0,114.0,2013-05-03,2013-04-05
135474.0,135462.0,-12.0,2013-06-07,2013-05-03
135637.0,135707.0,70.0,2013-07-05,2013-06-07
135902.0,135876.0,-26.0,2013-08-02,2013-07-05
136038.0,135964.0,-74.0,2013-09-06,2013-08-02
136133.0,136142.0,9.0,2013-10-22,2013-09-06
136290.0,136350.0,60.0,2013-11-08,2013-10-22
136554.0,136562.0,8.0,2013-12-06,2013-11-08
136765.0,136803.0,38.0,2014-01-10,2013-12-06
136877.0,137386.0,509.0,2014-02-07,2014-01-10
137499.0,137524.0,25.0,2014-03-07,2014-02-07
137699.0,137736.0,37.0,2014-04-04,2014-03-07
137928.0,137964.0,36.0,2014-05-02,2014-04-04
138252.0,138246.0,-6.0,2014-06-06,2014-05-02
138463.0,138492.0,29.0,2014-07-03,2014-06-06
138780.0,138795.0,15.0,2014-08-01,2014-07-03
139004.0,138976.0,-28.0,2014-09-05,2014-08-01
139118.0,139187.0,69.0,2014-10-03,2014-09-05
139435.0,139466.0,31.0,2014-11-07,2014-10-03
139680.0,139724.0,44.0,2014-12-05,2014-11-07
140045.0,140095.0,50.0,2015-01-09,2014-12-05
140347.0,140592.0,245.0,2015-02-06,2015-01-09
140849.0,140831.0,-18.0,2015-03-06,2015-02-06
141126.0,141057.0,-69.0,2015-04-03,2015-03-06
141183.0,141144.0,-39.0,2015-05-08,2015-04-03
141367.0,141399.0,32.0,2015-06-05,2015-05-08
141679.0,141619.0,-60.0,2015-07-02,2015-06-05
141842.0,141856.0,14.0,2015-08-07,2015-07-02
142071.0,142115.0,44.0,2015-09-04,2015-08-07
142288.0,142229.0,-59.0,2015-10-02,2015-09-04
142371.0,142383.0,12.0,2015-11-06,2015-10-02
142654.0,142689.0,35.0,2015-12-04,2015-11-06
142900.0,142950.0,50.0,2016-01-08,2015-12-04
143242.0,143137.0,-105.0,2016-02-05,2016-01-08
143288.0,143318.0,30.0,2016-03-04,2016-02-05
143560.0,143559.0,-1.0,2016-04-01,2016-03-04
143774.0,143755.0,-19.0,2016-05-06,2016-04-01
143915.0,143856.0,-59.0,2016-06-03,2016-05-06
143894.0,143888.0,-6.0,2016-07-08,2016-06-03
144175.0,144193.0,18.0,2016-08-05,2016-07-08
144448.0,144447.0,-1.0,2016-09-02,2016-08-05
144598.0,144591.0,-7.0,2016-10-07,2016-09-02
144747.0,144791.0,44.0,2016-11-04,2016-10-07
144952.0,144950.0,-2.0,2016-12-02,2016-11-04
145128.0,145147.0,19.0,2017-01-06,2016-12-02
145303.0,145327.0,24.0,2017-02-03,2017-01-06
145554.0,145563.0,9.0,2017-03-10,2017-02-03
145798.0,145760.0,-38.0,2017-04-07,2017-03-10
145858.0,145852.0,-6.0,2017-05-05,2017-04-07
146063.0,145997.0,-66.0,2017-06-02,2017-05-05
146135.0,146182.0,47.0,2017-07-07,2017-06-02
146404.0,146406.0,2.0,2017-08-04,2017-07-07
146615.0,146574.0,-41.0,2017-09-01,2017-08-04
146730.0,146692.0,-38.0,2017-10-06,2017-09-01
146659.0,146749.0,90.0,2017-11-03,2017-10-06
147010.0,147013.0,3.0,2017-12-08,2017-11-03
147241.0,147232.0,-9.0,2018-01-05,2017-12-08
147380.0,147610.0,230.0,2018-02-02,2018-01-05
147810.0,147864.0,54.0,2018-03-09,2018-02-02
148177.0,148127.0,-50.0,2018-04-06,2018-03-09
148230.0,148260.0,30.0,2018-05-04,2018-04-06
148424.0,148439.0,15.0,2018-06-01,2018-05-04
148662.0,148699.0,37.0,2018-07-06,2018-06-01
148912.0,148971.0,59.0,2018-08-03,2018-07-06
149128.0,149078.0,-50.0,2018-09-07,2018-08-03
149279.0,149366.0,87.0,2018-10-05,2018-09-07
149750.0,149738.0,-12.0,2018-12-07,2018-11-02
149893.0,149951.0,58.0,2019-01-04,2018-12-07
150263.0,150270.0,7.0,2019-02-01,2019-01-04
150574.0,150586.0,12.0,2019-03-08,2019-02-01
150606.0,150620.0,14.0,2019-04-05,2019-03-08
150816.0,150832.0,16.0,2019-05-03,2019-04-05
151095.0,151020.0,-75.0,2019-06-07,2019-05-03
151095.0,151084.0,-11.0,2019-07-05,2019-06-07
151308.0,151267.0,-41.0,2019-08-02,2019-07-05
151431.0,151411.0,-20.0,2019-09-06,2019-08-02
151541.0,151586.0,45.0,2019-10-04,2019-09-06
151722.0,151817.0,95.0,2019-11-01,2019-10-04
151945.0,151986.0,41.0,2019-12-06,2019-11-01
152252.0,152238.0,-14.0,2020-01-10,2019-12-06
152383.0,151961.0,-422.0,2020-02-07,2020-01-10
152186.0,152271.0,85.0,2020-03-06,2020-02-07
152544.0,152487.0,-57.0,2020-04-03,2020-03-06
151786.0,151572.0,-214.0,2020-05-08,2020-04-03
131072.0,131045.0,-27.0,2020-05-11,2020-05-08
132912.0,133002.0,90.0,2020-07-02,2020-06-05
137802.0,137819.0,17.0,2020-08-07,2020-07-02
139582.0,139543.0,-39.0,2020-09-04,2020-08-07
140914.0,141059.0,145.0,2020-10-02,2020-09-04
141720.0,141735.0,15.0,2020-11-06,2020-10-02
142373.0,142384.0,11.0,2020-12-04,2020-11-06
142629.0,142764.0,135.0,2021-01-08,2020-12-04
142624.0,142582.0,-42.0,2021-02-05,2021-01-08
142631.0,142669.0,38.0,2021-03-05,2021-02-05
143048.0,143204.0,156.0,2021-04-02,2021-03-05
144120.0,144042.0,-78.0,2021-05-07,2021-04-02
144308.0,144335.0,27.0,2021-06-04,2021-05-07
144894.0,144909.0,15.0,2021-07-02,2021-06-04
145759.0,145878.0,119.0,2021-08-06,2021-07-02
146821.0,146955.0,134.0,2021-09-03,2021-08-06
147190.0,147359.0,169.0,2021-10-08,2021-09-03
147553.0,147788.0,235.0,2021-11-05,2021-10-08
148319.0,148401.0,82.0,2021-12-03,2021-11-05
148611.0,148752.0,141.0,2022-01-07,2021-12-03
148951.0,149162.0,211.0,2022-02-04,2022-01-07
149629.0,149721.0,92.0,2022-03-04,2022-02-04
150399.0,150494.0,95.0,2022-04-01,2022-03-04
150925.0,150886.0,-39.0,2022-05-06,2022-04-01
151314.0,151292.0,-22.0,2022-06-03,2022-05-06
151682.0,151608.0,-74.0,2022-07-08,2022-06-03
151980.0,152008.0,28.0,2022-08-05,2022-07-08
152536.0,152429.0,-107.0,2022-09-02,2022-08-05
152744.0,152755.0,11.0,2022-10-07,2022-09-02
153018.0,153047.0,29.0,2022-11-04,2022-10-07
153308.0,153285.0,-23.0,2022-12-02,2022-11-04
153548.0,153520.0,-28.0,2023-01-06,2022-12-02
153743.0,154556.0,813.0,2023-02-03,2023-01-06
155073.0,155039.0,-34.0,2023-03-10,2023-02-03
155350.0,155333.0,-17.0,2023-04-07,2023-03-10
155569.0,155420.0,-149.0,2023-05-05,2023-04-07
155673.0,155766.0,93.0,2023-06-02,2023-05-05
156105.0,155995.0,-110.0,2023-07-07,2023-06-02
156204.0,156155.0,-49.0,2023-08-04,2023-07-07
156342.0,156232.0,-110.0,2023-09-01,2023-08-04
156419.0,156538.0,119.0,2023-10-06,2023-09-01
156874.0,156773.0,-101.0,2023-11-03,2023-10-06
156923.0,156888.0,-35.0,2023-12-08,2023-11-03
157087.0,157016.0,-71.0,2024-01-05,2023-12-08
157232.0,157347.0,115.0,2024-02-02,2024-01-05
157700.0,157533.0,-167.0,2024-03-08,2024-02-02
157808.0,157830.0,22.0,2024-04-05,2024-03-08
158133.0,158111.0,-22.0,2024-05-03,2024-04-05
158286.0,158271.0,-15.0,2024-06-07,2024-05-03
158543.0,158432.0,-111.0,2024-07-05,2024-06-07
158638.0,158609.0,-29.0,2024-08-02,2024-07-05
158723.0,158637.0,-86.0,2024-09-06,2024-08-02
158779.0,158851.0,72.0,2024-10-04,2024-09-06
159105.0,158993.0,-112.0,2024-11-01,2024-10-04
159005.0,159061.0,56.0,2024-12-06,2024-11-01
159288.0,159280.0,-8.0,2025-01-10,2024-12-06
159536.0,158926.0,-610.0,2025-02-07,2025-01-10
159069.0,159067.0,-2.0,2025-03-07,2025-02-07
159218.0,159170.0,-48.0,2025-04-04,2025-03-07
159398.0,159340.0,-58.0,2025-05-02,2025-04-04
159517.0,159422.0,-95.0,2025-06-06,2025-05-02
159561.0,159577.0,16.0,2025-07-03,2025-06-06
159724.0,159466.0,-258.0,2025-08-01,2025-07-03
