File,Class
new_1_1.mat,0.673170507
new_1_2.mat,0.544547396
new_1_3.mat,0.227333690
new_1_4.mat,0.160607236
new_1_5.mat,0.561971667
new_1_6.mat,0.553703258
new_1_8.mat,0.116575510
new_1_9.mat,0.163361043
new_1_10.mat,0.367172200
new_1_11.mat,0.106504673
new_1_12.mat,0.193594572
new_1_14.mat,0.201086989
new_1_15.mat,0.249270000
new_1_16.mat,0.293317818
new_1_17.mat,0.694321927
new_1_19.mat,0.407988443
new_1_21.mat,0.876281664
new_1_22.mat,0.743142262
new_1_23.mat,0.198025447
new_1_24.mat,0.099552029
new_1_25.mat,0.050217409
new_1_26.mat,0.772875400
new_1_27.mat,0.343068479
new_1_28.mat,0.231186894
new_1_29.mat,0.666400912
new_1_30.mat,0.125033777
new_1_31.mat,0.575449879
new_1_32.mat,0.181505442
new_1_33.mat,0.101711191
new_1_35.mat,0.233200574
new_1_36.mat,0.607076092
new_1_37.mat,0.298303403
new_1_38.mat,0.200580301
new_1_39.mat,0.805812371
new_1_40.mat,0.173162850
new_1_41.mat,0.214810812
new_1_42.mat,0.609737648
new_1_43.mat,0.182149242
new_1_44.mat,0.784330364
new_1_45.mat,0.810798033
new_1_46.mat,0.740626149
new_1_47.mat,0.230382478
new_1_48.mat,0.290047213
new_1_49.mat,0.719626758
new_1_50.mat,0.534388190
new_1_51.mat,0.033485186
new_1_52.mat,0.520087195
new_1_53.mat,0.104763316
new_1_54.mat,0.039757686
new_1_55.mat,0.620417823
new_1_56.mat,0.363109864
new_1_57.mat,0.771765835
new_1_58.mat,0.056543484
new_1_59.mat,0.151279656
new_1_60.mat,0.063677142
new_1_61.mat,0.276965203
new_1_62.mat,0.152122201
new_1_63.mat,0.259497094
new_1_64.mat,0.359374812
new_1_65.mat,0.375924437
new_1_66.mat,0.642716048
new_1_67.mat,0.233142841
new_1_68.mat,0.233976347
new_1_69.mat,0.401790898
new_1_70.mat,0.185450467
new_1_71.mat,0.214237511
new_1_73.mat,0.223138015
new_1_74.mat,0.266690163
new_1_75.mat,0.128406466
new_1_76.mat,0.576754503
new_1_77.mat,0.009871629
new_1_78.mat,0.618253850
new_1_79.mat,0.733020847
new_1_80.mat,0.584447735
new_1_81.mat,0.176176632
new_1_82.mat,0.321847346
new_1_83.mat,0.661346888
new_1_84.mat,0.863618665
new_1_85.mat,0.662387485
new_1_86.mat,0.679368991
new_1_87.mat,0.158189251
new_1_88.mat,0.170297655
new_1_89.mat,0.266775773
new_1_90.mat,0.031678649
new_1_91.mat,0.502043434
new_1_92.mat,0.787721683
new_1_93.mat,0.305460180
new_1_94.mat,0.563003205
new_1_95.mat,0.470901955
new_1_96.mat,0.109067753
new_1_97.mat,0.250548839
new_1_99.mat,0.055576554
new_1_100.mat,0.611837391
new_1_101.mat,0.762047493
new_1_102.mat,0.302428338
new_1_103.mat,0.066311790
new_1_104.mat,0.656481941
new_1_105.mat,0.772741857
new_1_106.mat,0.007851360
new_1_107.mat,0.340602362
new_1_108.mat,0.729451524
new_1_109.mat,0.308220393
new_1_110.mat,0.065084939
new_1_111.mat,0.174150231
new_1_112.mat,0.046649200
new_1_113.mat,0.760562777
new_1_114.mat,0.069982029
new_1_115.mat,0.315115011
new_1_116.mat,0.194256297
new_1_117.mat,0.817489425
new_1_118.mat,0.167632008
new_1_119.mat,0.495713438
new_1_120.mat,0.520326960
new_1_121.mat,0.372073900
new_1_122.mat,0.826529315
new_1_123.mat,0.405358451
new_1_124.mat,0.061014273
new_1_125.mat,0.453233837
new_1_126.mat,0.698956410
new_1_127.mat,0.440516761
new_1_128.mat,0.792333516
new_1_129.mat,0.355655822
new_1_130.mat,0.121427027
new_1_131.mat,0.887089652
new_1_132.mat,0.115226763
new_1_133.mat,0.474847604
new_1_134.mat,0.196583865
new_1_135.mat,0.058134898
new_1_136.mat,0.740278156
new_1_137.mat,0.142798168
new_1_138.mat,0.170357000
new_1_139.mat,0.289729224
new_1_140.mat,0.355320850
new_1_141.mat,0.106001840
new_1_142.mat,0.514528397
new_1_143.mat,0.466775465
new_1_144.mat,0.649483396
new_1_145.mat,0.636390009
new_1_146.mat,0.298482677
new_1_148.mat,0.223158205
new_1_149.mat,0.306971754
new_1_150.mat,0.083765524
new_1_151.mat,0.840648560
new_1_152.mat,0.067338128
new_1_153.mat,0.728212275
new_1_154.mat,0.255486394
new_1_155.mat,0.107057245
new_1_156.mat,0.206233398
new_1_157.mat,0.173986067
new_1_158.mat,0.275967152
new_1_159.mat,0.120180975
new_1_160.mat,0.098199162
new_1_161.mat,0.322954424
new_1_162.mat,0.134862019
new_1_163.mat,0.114984767
new_1_164.mat,0.188004626
new_1_165.mat,0.674919924
new_1_166.mat,0.224935169
new_1_168.mat,0.412447836
new_1_169.mat,0.391388010
new_1_170.mat,0.082702820
new_1_171.mat,0.011442725
new_1_172.mat,0.037126626
new_1_173.mat,0.262610240
new_1_174.mat,0.556440990
new_1_175.mat,0.185835535
new_1_176.mat,0.786336240
new_1_178.mat,0.219912763
new_1_179.mat,0.212530940
new_1_180.mat,0.240318807
new_1_181.mat,0.668585070
new_1_182.mat,0.722173342
new_1_183.mat,0.117638508
new_1_184.mat,0.724033949
new_1_185.mat,0.366005497
new_1_186.mat,0.807589911
new_1_187.mat,0.123366055
new_1_188.mat,0.128631008
new_1_189.mat,0.328214139
new_1_190.mat,0.701058088
new_1_191.mat,0.281292606
new_1_192.mat,0.098233515
new_1_193.mat,0.760390625
new_1_194.mat,0.310576294
new_1_195.mat,0.402397713
new_1_196.mat,0.205169203
new_1_197.mat,0.681403869
new_1_198.mat,0.153420800
new_1_199.mat,0.705562680
new_1_200.mat,0.280889815
new_1_201.mat,0.637612102
new_1_202.mat,0.861718019
new_1_203.mat,0.203206247
new_1_204.mat,0.581478262
new_1_205.mat,0.777647172
new_1_206.mat,0.151624956
new_1_207.mat,0.191556478
new_1_208.mat,0.177421828
new_1_210.mat,0.168966464
new_1_211.mat,0.054321471
new_1_212.mat,0.054800427
new_1_213.mat,0.724346095
new_1_214.mat,0.132365381
new_1_215.mat,0.673763065
new_1_216.mat,0.322135517
new_2_1.mat,0.306749339
new_2_2.mat,0.033057063
new_2_3.mat,0.375430415
new_2_4.mat,0.168692100
new_2_5.mat,0.240342406
new_2_6.mat,0.238174285
new_2_7.mat,0.204504950
new_2_8.mat,0.082122779
new_2_9.mat,0.159719813
new_2_10.mat,0.226539683
new_2_11.mat,0.090105133
new_2_12.mat,0.234833143
new_2_13.mat,0.115574394
new_2_14.mat,0.130349220
new_2_15.mat,0.245615598
new_2_16.mat,0.248557217
new_2_17.mat,0.136161229
new_2_18.mat,0.314967425
new_2_19.mat,0.128060851
new_2_20.mat,0.236789964
new_2_21.mat,0.219265168
new_2_22.mat,0.075508882
new_2_23.mat,0.345470081
new_2_24.mat,0.382618117
new_2_25.mat,0.013836184
new_2_27.mat,0.240758708
new_2_28.mat,0.144172889
new_2_29.mat,0.161653166
new_2_30.mat,0.157723373
new_2_31.mat,0.280649656
new_2_32.mat,0.214280900
new_2_33.mat,0.298782056
new_2_34.mat,0.141476361
new_2_35.mat,0.205286005
new_2_36.mat,0.108113728
new_2_37.mat,0.170529739
new_2_38.mat,0.368354223
new_2_39.mat,0.333597468
new_2_40.mat,0.055562285
new_2_41.mat,0.105171530
new_2_42.mat,0.705442216
new_2_43.mat,0.086980114
new_2_44.mat,0.544928298
new_2_45.mat,0.334159598
new_2_46.mat,0.344337778
new_2_47.mat,0.306798501
new_2_48.mat,0.176552597
new_2_49.mat,0.283657832
new_2_50.mat,0.197376265
new_2_51.mat,0.343262874
new_2_52.mat,0.160047995
new_2_53.mat,0.176126531
new_2_54.mat,0.170718720
new_2_55.mat,0.102391463
new_2_56.mat,0.228316250
new_2_57.mat,0.203858256
new_2_58.mat,0.244430507
new_2_59.mat,0.237408914
new_2_60.mat,0.092417754
new_2_61.mat,0.150565409
new_2_62.mat,0.238477606
new_2_63.mat,0.211060824
new_2_64.mat,0.174629785
new_2_65.mat,0.348791527
new_2_66.mat,0.269111151
new_2_67.mat,0.255557637
new_2_68.mat,0.214274302
new_2_69.mat,0.296214858
new_2_70.mat,0.222596863
new_2_71.mat,0.150998023
new_2_72.mat,0.026827805
new_2_73.mat,0.309980283
new_2_74.mat,0.259876139
new_2_75.mat,0.263034741
new_2_76.mat,0.148455315
new_2_77.mat,0.218883752
new_2_78.mat,0.730553742
new_2_79.mat,0.294026675
new_2_80.mat,0.143485711
new_2_81.mat,0.021051496
new_2_82.mat,0.232755172
new_2_83.mat,0.262318396
new_2_84.mat,0.244021437
new_2_85.mat,0.280021829
new_2_86.mat,0.100159121
new_2_87.mat,0.124189328
new_2_88.mat,0.439201533
new_2_89.mat,0.216587026
new_2_90.mat,0.407545455
new_2_91.mat,0.141468869
new_2_92.mat,0.130051130
new_2_93.mat,0.198073148
new_2_95.mat,0.239710871
new_2_96.mat,0.203846854
new_2_97.mat,0.101504199
new_2_98.mat,0.181610535
new_2_99.mat,0.385315040
new_2_100.mat,0.135964113
new_2_101.mat,0.290467735
new_2_102.mat,0.275681469
new_2_103.mat,0.097137783
new_2_104.mat,0.357272998
new_2_105.mat,0.450044816
new_2_106.mat,0.034878994
new_2_107.mat,0.022521283
new_2_108.mat,0.262573124
new_2_109.mat,0.275367767
new_2_110.mat,0.313515846
new_2_111.mat,0.291583754
new_2_112.mat,0.100963250
new_2_113.mat,0.107689804
new_2_114.mat,0.190389932
new_2_115.mat,0.207962063
new_2_116.mat,0.140762822
new_2_117.mat,0.089419043
new_2_118.mat,0.210272890
new_2_119.mat,0.198711641
new_2_120.mat,0.313431175
new_2_121.mat,0.181514131
new_2_122.mat,0.160755486
new_2_123.mat,0.163243066
new_2_124.mat,0.101503473
new_2_125.mat,0.123355339
new_2_126.mat,0.112614159
new_2_127.mat,0.106708915
new_2_128.mat,0.352623757
new_2_129.mat,0.161013993
new_2_130.mat,0.289290357
new_2_131.mat,0.113929548
new_2_132.mat,0.171735803
new_2_133.mat,0.195591867
new_2_134.mat,0.021617288
new_2_135.mat,0.240616297
new_2_136.mat,0.205280558
new_2_137.mat,0.137124148
new_2_138.mat,0.136747467
new_2_139.mat,0.104148791
new_2_141.mat,0.025901216
new_2_142.mat,0.182508313
new_2_143.mat,0.197015287
new_2_144.mat,0.114122370
new_2_145.mat,0.396019355
new_2_146.mat,0.091933696
new_2_147.mat,0.050349543
new_2_149.mat,0.219196474
new_2_150.mat,0.123314554
new_2_151.mat,0.126880573
new_2_152.mat,0.156654769
new_2_153.mat,0.168731413
new_2_154.mat,0.305402334
new_2_155.mat,0.210896777
new_2_156.mat,0.137255918
new_2_157.mat,0.443535556
new_2_158.mat,0.442255555
new_2_159.mat,0.293259153
new_2_160.mat,0.270712961
new_2_161.mat,0.317766699
new_2_162.mat,0.281610884
new_2_163.mat,0.118022522
new_2_164.mat,0.212305715
new_2_165.mat,0.150183618
new_2_166.mat,0.129675133
new_2_167.mat,0.300283487
new_2_168.mat,0.444631364
new_2_169.mat,0.091075314
new_2_170.mat,0.264886213
new_2_171.mat,0.185084783
new_2_172.mat,0.150035889
new_2_173.mat,0.163661820
new_2_174.mat,0.356761517
new_2_175.mat,0.227589510
new_2_176.mat,0.453058163
new_2_177.mat,0.187370715
new_2_178.mat,0.134388665
new_2_179.mat,0.290240465
new_2_180.mat,0.244710601
new_2_181.mat,0.147758834
new_2_182.mat,0.220009476
new_2_183.mat,0.293395544
new_2_184.mat,0.155459722
new_2_185.mat,0.295270336
new_2_186.mat,0.213215961
new_2_187.mat,0.115222105
new_2_188.mat,0.149585144
new_2_189.mat,0.219502267
new_2_190.mat,0.134316409
new_2_191.mat,0.229654055
new_2_192.mat,0.030080179
new_2_193.mat,0.368413680
new_2_194.mat,0.123947050
new_2_195.mat,0.028080736
new_2_196.mat,0.301189483
new_2_197.mat,0.188765948
new_2_198.mat,0.243495179
new_2_199.mat,0.229513252
new_2_200.mat,0.237191317
new_2_201.mat,0.399061222
new_2_202.mat,0.541640560
new_2_203.mat,0.195741858
new_2_204.mat,0.108874333
new_2_205.mat,0.344038348
new_2_206.mat,0.193842321
new_2_207.mat,0.404319806
new_2_208.mat,0.267331742
new_2_209.mat,0.260449168
new_2_210.mat,0.105065977
new_2_211.mat,0.291950588
new_2_212.mat,0.219357600
new_2_213.mat,0.156056520
new_2_214.mat,0.136673915
new_2_215.mat,0.229740550
new_2_216.mat,0.149201522
new_2_217.mat,0.328902592
new_2_218.mat,0.189500719
new_2_219.mat,0.190012811
new_2_220.mat,0.235836396
new_2_221.mat,0.067731043
new_2_222.mat,0.305205882
new_2_223.mat,0.234136852
new_2_224.mat,0.118956247
new_2_225.mat,0.442068019
new_2_226.mat,0.022757773
new_2_227.mat,0.563491329
new_2_228.mat,0.136953184
new_2_229.mat,0.153442269
new_2_230.mat,0.278366900
new_2_231.mat,0.356798711
new_2_232.mat,0.107234701
new_2_233.mat,0.300050590
new_2_234.mat,0.271532345
new_2_235.mat,0.418870292
new_2_236.mat,0.081086280
new_2_237.mat,0.147185293
new_2_238.mat,0.193316358
new_2_239.mat,0.131715775
new_2_240.mat,0.125231891
new_2_241.mat,0.015140163
new_2_242.mat,0.187755866
new_2_243.mat,0.108497981
new_2_244.mat,0.329655545
new_2_245.mat,0.159369384
new_2_246.mat,0.167671633
new_2_247.mat,0.156401507
new_2_248.mat,0.226010137
new_2_249.mat,0.195666014
new_2_250.mat,0.259045351
new_2_251.mat,0.306769001
new_2_252.mat,0.257976975
new_2_253.mat,0.231335948
new_2_254.mat,0.146059090
new_2_255.mat,0.283340299
new_2_256.mat,0.136163929
new_2_257.mat,0.386939864
new_2_258.mat,0.207399369
new_2_259.mat,0.197316397
new_2_260.mat,0.123515118
new_2_261.mat,0.184685311
new_2_262.mat,0.339154368
new_2_263.mat,0.132165740
new_2_264.mat,0.176093103
new_2_265.mat,0.282298721
new_2_266.mat,0.294941621
new_2_267.mat,0.407470458
new_2_268.mat,0.307468818
new_2_269.mat,0.138404308
new_2_270.mat,0.385332727
new_2_271.mat,0.408241037
new_2_272.mat,0.265194164
new_2_273.mat,0.106148733
new_2_274.mat,0.021395080
new_2_275.mat,0.035246750
new_2_276.mat,0.127284587
new_2_277.mat,0.193819587
new_2_278.mat,0.178097967
new_2_279.mat,0.252190325
new_2_280.mat,0.171938453
new_2_281.mat,0.061994491
new_2_282.mat,0.259946855
new_2_283.mat,0.274390169
new_2_284.mat,0.167416829
new_2_285.mat,0.050191483
new_2_286.mat,0.357644705
new_2_287.mat,0.186614118
new_2_288.mat,0.132012915
new_2_289.mat,0.336357329
new_2_290.mat,0.190633125
new_2_291.mat,0.174783386
new_2_292.mat,0.109174705
new_2_293.mat,0.258557760
new_2_294.mat,0.189436346
new_2_295.mat,0.330717325
new_2_296.mat,0.153479704
new_2_297.mat,0.224159400
new_2_298.mat,0.367633892
new_2_299.mat,0.168821433
new_2_300.mat,0.179220331
new_2_301.mat,0.435417817
new_2_302.mat,0.194410643
new_2_303.mat,0.204623775
new_2_304.mat,0.316979065
new_2_305.mat,0.209406808
new_2_306.mat,0.143242790
new_2_307.mat,0.188631477
new_2_308.mat,0.341602682
new_2_309.mat,0.357692744
new_2_310.mat,0.162679000
new_2_311.mat,0.549899974
new_2_312.mat,0.053892841
new_2_313.mat,0.407108676
new_2_314.mat,0.284831387
new_2_315.mat,0.171396293
new_2_316.mat,0.271304093
new_2_317.mat,0.207072127
new_2_318.mat,0.251838058
new_2_319.mat,0.220791056
new_2_320.mat,0.328074203
new_2_321.mat,0.244858335
new_2_322.mat,0.016916122
new_2_323.mat,0.310041763
new_2_324.mat,0.058881326
new_2_325.mat,0.121245933
new_2_326.mat,0.323724468
new_2_327.mat,0.190044695
new_2_328.mat,0.263835986
new_2_329.mat,0.075120322
new_2_330.mat,0.185983962
new_2_331.mat,0.175127695
new_2_332.mat,0.058770436
new_2_333.mat,0.224777624
new_2_334.mat,0.211687866
new_2_335.mat,0.080166342
new_2_336.mat,0.018677397
new_2_337.mat,0.218666124
new_2_338.mat,0.131882358
new_2_339.mat,0.217634964
new_2_340.mat,0.224366737
new_2_341.mat,0.069513983
new_2_342.mat,0.388979633
new_2_343.mat,0.121785841
new_2_344.mat,0.019144820
new_2_345.mat,0.221913486
new_2_346.mat,0.228635566
new_2_347.mat,0.066548535
new_2_348.mat,0.325694341
new_2_349.mat,0.166395059
new_2_350.mat,0.206835655
new_2_351.mat,0.244884232
new_2_352.mat,0.256476347
new_2_353.mat,0.512825545
new_2_354.mat,0.246565236
new_2_355.mat,0.217421226
new_2_356.mat,0.137685434
new_2_357.mat,0.136561731
new_2_358.mat,0.657597024
new_2_359.mat,0.205344448
new_2_360.mat,0.186171638
new_2_361.mat,0.171462482
new_2_362.mat,0.085854091
new_2_363.mat,0.207970945
new_2_364.mat,0.299310147
new_2_365.mat,0.115392866
new_2_366.mat,0.463446925
new_2_367.mat,0.178489025
new_2_368.mat,0.183390236
new_2_369.mat,0.304286272
new_2_370.mat,0.068048070
new_2_371.mat,0.295087344
new_2_372.mat,0.306669585
new_2_373.mat,0.252728050
new_2_374.mat,0.344506197
new_2_375.mat,0.185476091
new_2_376.mat,0.287367793
new_2_377.mat,0.351633520
new_2_378.mat,0.047428144
new_2_379.mat,0.214955038
new_2_380.mat,0.283251443
new_2_381.mat,0.288358120
new_2_382.mat,0.290481278
new_2_383.mat,0.213372524
new_2_384.mat,0.201495470
new_2_385.mat,0.283256868
new_2_386.mat,0.068392511
new_2_387.mat,0.240510515
new_2_388.mat,0.256606426
new_2_389.mat,0.353379769
new_2_390.mat,0.268670945
new_2_391.mat,0.386041462
new_2_392.mat,0.016339040
new_2_393.mat,0.225631053
new_2_394.mat,0.182859777
new_2_395.mat,0.045734776
new_2_396.mat,0.117298681
new_2_397.mat,0.154934315
new_2_398.mat,0.109096642
new_2_399.mat,0.225646427
new_2_400.mat,0.017552377
new_2_401.mat,0.152142590
new_2_402.mat,0.175021929
new_2_403.mat,0.361367867
new_2_404.mat,0.217444650
new_2_405.mat,0.119975510
new_2_406.mat,0.186531424
new_2_407.mat,0.143885256
new_2_408.mat,0.024684928
new_2_409.mat,0.277995489
new_2_410.mat,0.104821702
new_2_411.mat,0.308712439
new_2_412.mat,0.201810034
new_2_413.mat,0.199825622
new_2_414.mat,0.228871171
new_2_415.mat,0.358787124
new_2_416.mat,0.204609440
new_2_417.mat,0.220441090
new_2_418.mat,0.175545274
new_2_419.mat,0.247149027
new_2_421.mat,0.130194126
new_2_422.mat,0.236986254
new_2_423.mat,0.185898112
new_2_424.mat,0.125808849
new_2_425.mat,0.085662005
new_2_426.mat,0.125245474
new_2_427.mat,0.136758216
new_2_428.mat,0.080117733
new_2_429.mat,0.190445553
new_2_430.mat,0.334318336
new_2_431.mat,0.217791001
new_2_432.mat,0.261133397
new_2_434.mat,0.452310830
new_2_435.mat,0.103383907
new_2_436.mat,0.186633481
new_2_437.mat,0.176854273
new_2_438.mat,0.094957791
new_2_439.mat,0.353193455
new_2_440.mat,0.114315495
new_2_441.mat,0.281597042
new_2_442.mat,0.131842598
new_2_443.mat,0.231283207
new_2_444.mat,0.346823601
new_2_445.mat,0.164785001
new_2_446.mat,0.219488386
new_2_447.mat,0.204702587
new_2_448.mat,0.133787109
new_2_449.mat,0.245799142
new_2_450.mat,0.418720337
new_2_451.mat,0.066170325
new_2_452.mat,0.256315633
new_2_453.mat,0.305682427
new_2_454.mat,0.168863057
new_2_455.mat,0.138855724
new_2_456.mat,0.014750543
new_2_457.mat,0.238835855
new_2_458.mat,0.013266350
new_2_459.mat,0.038592885
new_2_460.mat,0.179988233
new_2_461.mat,0.430381610
new_2_462.mat,0.283639944
new_2_463.mat,0.304787533
new_2_464.mat,0.219742299
new_2_465.mat,0.252331761
new_2_466.mat,0.159232327
new_2_467.mat,0.237031635
new_2_468.mat,0.157866044
new_2_469.mat,0.178125659
new_2_470.mat,0.285917621
new_2_471.mat,0.133802649
new_2_472.mat,0.208908895
new_2_473.mat,0.201458110
new_2_474.mat,0.252931157
new_2_475.mat,0.074707290
new_2_476.mat,0.141404640
new_2_477.mat,0.283789572
new_2_478.mat,0.082911254
new_2_479.mat,0.172777412
new_2_480.mat,0.107597315
new_2_481.mat,0.239024931
new_2_482.mat,0.299893406
new_2_483.mat,0.188621575
new_2_484.mat,0.388079719
new_2_485.mat,0.251945926
new_2_486.mat,0.156550530
new_2_487.mat,0.265643485
new_2_488.mat,0.378596532
new_2_489.mat,0.068049550
new_2_490.mat,0.326894056
new_2_491.mat,0.186721996
new_2_492.mat,0.036473628
new_2_493.mat,0.456939949
new_2_494.mat,0.143068328
new_2_495.mat,0.322606523
new_2_496.mat,0.131571028
new_2_497.mat,0.159288085
new_2_498.mat,0.184559220
new_2_500.mat,0.127187268
new_2_501.mat,0.218893400
new_2_502.mat,0.156218719
new_2_503.mat,0.175629624
new_2_504.mat,0.286655654
new_2_505.mat,0.132020588
new_2_506.mat,0.175457261
new_2_507.mat,0.151094679
new_2_508.mat,0.123666084
new_2_509.mat,0.237709992
new_2_510.mat,0.185853574
new_2_511.mat,0.099837571
new_2_512.mat,0.268690057
new_2_513.mat,0.123538922
new_2_514.mat,0.174818454
new_2_515.mat,0.133806785
new_2_516.mat,0.207179259
new_2_517.mat,0.133279563
new_2_518.mat,0.096291780
new_2_519.mat,0.281158277
new_2_520.mat,0.311865969
new_2_521.mat,0.294656034
new_2_522.mat,0.387681480
new_2_523.mat,0.120789579
new_2_524.mat,0.116297773
new_2_525.mat,0.361415168
new_2_526.mat,0.279091254
new_2_527.mat,0.254190180
new_2_528.mat,0.133848586
new_2_529.mat,0.142891630
new_2_530.mat,0.230409197
new_2_531.mat,0.107829481
new_2_532.mat,0.318065274
new_2_533.mat,0.322610738
new_2_534.mat,0.110940322
new_2_535.mat,0.258211177
new_2_536.mat,0.119304388
new_2_537.mat,0.197794116
new_2_538.mat,0.234569014
new_2_539.mat,0.183320873
new_2_540.mat,0.241901076
new_2_541.mat,0.119175381
new_2_542.mat,0.117986447
new_2_543.mat,0.235029550
new_2_544.mat,0.305737880
new_2_545.mat,0.275876552
new_2_546.mat,0.191992994
new_2_547.mat,0.152906642
new_2_548.mat,0.227678263
new_2_549.mat,0.318163114
new_2_550.mat,0.057720588
new_2_551.mat,0.420391755
new_2_552.mat,0.145197459
new_2_553.mat,0.306231256
new_2_554.mat,0.312205224
new_2_555.mat,0.025137091
new_2_556.mat,0.291081015
new_2_557.mat,0.376933846
new_2_558.mat,0.214808065
new_2_559.mat,0.431743948
new_2_560.mat,0.125446094
new_2_561.mat,0.312201198
new_2_562.mat,0.341962941
new_2_563.mat,0.138431595
new_2_564.mat,0.077867374
new_2_565.mat,0.190923229
new_2_566.mat,0.124494243
new_2_567.mat,0.146791530
new_2_568.mat,0.311080923
new_2_569.mat,0.121531958
new_2_570.mat,0.269648750
new_2_571.mat,0.117874884
new_2_572.mat,0.232671902
new_2_573.mat,0.211342906
new_2_574.mat,0.175681557
new_2_575.mat,0.143580657
new_2_576.mat,0.200699736
new_2_577.mat,0.141994362
new_2_578.mat,0.166852243
new_2_579.mat,0.197426399
new_2_580.mat,0.147826600
new_2_581.mat,0.149786613
new_2_582.mat,0.032127509
new_2_583.mat,0.012815072
new_2_584.mat,0.184256347
new_2_585.mat,0.172138576
new_2_586.mat,0.308346733
new_2_587.mat,0.018495686
new_2_588.mat,0.241247294
new_2_589.mat,0.421086011
new_2_590.mat,0.171712652
new_2_591.mat,0.369013361
new_2_592.mat,0.093713487
new_2_593.mat,0.218944352
new_2_594.mat,0.374353946
new_2_595.mat,0.076509309
new_2_596.mat,0.206130028
new_2_597.mat,0.290224293
new_2_598.mat,0.132747789
new_2_599.mat,0.151414951
new_2_600.mat,0.079701246
new_2_601.mat,0.211131602
new_2_602.mat,0.174859866
new_2_603.mat,0.242751321
new_2_604.mat,0.246147601
new_2_605.mat,0.324479863
new_2_606.mat,0.013282395
new_2_607.mat,0.144237084
new_2_608.mat,0.302616250
new_2_609.mat,0.153450560
new_2_610.mat,0.038980338
new_2_611.mat,0.197436176
new_2_612.mat,0.260034126
new_2_613.mat,0.289126048
new_2_614.mat,0.510891250
new_2_615.mat,0.144483798
new_2_616.mat,0.092435715
new_2_617.mat,0.086175603
new_2_618.mat,0.128569841
new_2_619.mat,0.146063555
new_2_620.mat,0.231738920
new_2_621.mat,0.313831148
new_2_622.mat,0.230991761
new_2_623.mat,0.321817750
new_2_624.mat,0.199241685
new_2_625.mat,0.063577638
new_2_626.mat,0.143291765
new_2_627.mat,0.314614700
new_2_628.mat,0.098149831
new_2_629.mat,0.194326402
new_2_630.mat,0.142846006
new_2_631.mat,0.154040861
new_2_632.mat,0.283952446
new_2_633.mat,0.266045634
new_2_634.mat,0.135421718
new_2_635.mat,0.184555405
new_2_636.mat,0.341491821
new_2_637.mat,0.315954144
new_2_638.mat,0.278651067
new_2_639.mat,0.214251397
new_2_640.mat,0.172918482
new_2_641.mat,0.334741960
new_2_642.mat,0.195309391
new_2_643.mat,0.216690112
new_2_644.mat,0.303897133
new_2_645.mat,0.360979774
new_2_646.mat,0.326221947
new_2_647.mat,0.342129494
new_2_648.mat,0.280098446
new_2_649.mat,0.217542831
new_2_650.mat,0.247719674
new_2_651.mat,0.283925516
new_2_652.mat,0.139804388
new_2_653.mat,0.466582484
new_2_654.mat,0.255571594
new_2_655.mat,0.094077025
new_2_656.mat,0.120076844
new_2_657.mat,0.139644576
new_2_658.mat,0.178210088
new_2_659.mat,0.100325779
new_2_660.mat,0.385310817
new_2_661.mat,0.375074828
new_2_662.mat,0.288000870
new_2_663.mat,0.175565226
new_2_664.mat,0.059005495
new_2_665.mat,0.163880301
new_2_666.mat,0.095875445
new_2_667.mat,0.215906445
new_2_668.mat,0.126628399
new_2_669.mat,0.280583801
new_2_670.mat,0.099481697
new_2_671.mat,0.261852698
new_2_672.mat,0.237027183
new_2_673.mat,0.276680603
new_2_674.mat,0.274134902
new_2_675.mat,0.236950988
new_2_676.mat,0.343603060
new_2_677.mat,0.246219699
new_2_678.mat,0.399009999
new_2_679.mat,0.017062769
new_2_680.mat,0.192176493
new_2_681.mat,0.153037132
new_2_682.mat,0.127148857
new_2_683.mat,0.162976522
new_2_684.mat,0.243696265
new_2_685.mat,0.130499173
new_2_686.mat,0.137968637
new_2_687.mat,0.243676175
new_2_688.mat,0.262616460
new_2_689.mat,0.184880699
new_2_690.mat,0.189637774
new_2_691.mat,0.142091044
new_2_692.mat,0.370163288
new_2_693.mat,0.105755749
new_2_694.mat,0.331102968
new_2_695.mat,0.251515104
new_2_696.mat,0.359441570
new_2_697.mat,0.077686864
new_2_698.mat,0.198141165
new_2_699.mat,0.303159510
new_2_700.mat,0.180466159
new_2_701.mat,0.177051714
new_2_702.mat,0.205304620
new_2_703.mat,0.056828478
new_2_704.mat,0.168272194
new_2_705.mat,0.262233557
new_2_706.mat,0.200186413
new_2_707.mat,0.134185674
new_2_708.mat,0.161276713
new_2_709.mat,0.362433328
new_2_710.mat,0.176390595
new_2_711.mat,0.177579392
new_2_712.mat,0.262601324
new_2_713.mat,0.010230346
new_2_714.mat,0.269167449
new_2_715.mat,0.172002566
new_2_716.mat,0.107048647
new_2_717.mat,0.014077999
new_2_718.mat,0.255942483
new_2_719.mat,0.172647794
new_2_720.mat,0.275378770
new_2_721.mat,0.316308043
new_2_722.mat,0.239835571
new_2_723.mat,0.144007561
new_2_724.mat,0.013868530
new_2_725.mat,0.340592360
new_2_726.mat,0.154345587
new_2_727.mat,0.475991263
new_2_728.mat,0.162242136
new_2_729.mat,0.208301657
new_2_730.mat,0.342650973
new_2_731.mat,0.235226536
new_2_732.mat,0.225841300
new_2_733.mat,0.149135898
new_2_734.mat,0.014974923
new_2_735.mat,0.168944948
new_2_736.mat,0.375354303
new_2_737.mat,0.103928159
new_2_738.mat,0.153153253
new_2_739.mat,0.286383068
new_2_741.mat,0.226763640
new_2_742.mat,0.115831913
new_2_743.mat,0.163245662
new_2_744.mat,0.166477103
new_2_745.mat,0.176354983
new_2_746.mat,0.216707357
new_2_747.mat,0.121195426
new_2_748.mat,0.212422536
new_2_749.mat,0.139603953
new_2_750.mat,0.081089369
new_2_751.mat,0.015100850
new_2_752.mat,0.146010074
new_2_753.mat,0.080547645
new_2_754.mat,0.174936112
new_2_755.mat,0.407527587
new_2_756.mat,0.060778446
new_2_757.mat,0.084961626
new_2_758.mat,0.375706219
new_2_759.mat,0.170076353
new_2_760.mat,0.257469712
new_2_761.mat,0.126998085
new_2_762.mat,0.294146435
new_2_763.mat,0.313296120
new_2_764.mat,0.220584495
new_2_765.mat,0.403630282
new_2_766.mat,0.158389473
new_2_767.mat,0.263167432
new_2_768.mat,0.227108769
new_2_769.mat,0.156105806
new_2_770.mat,0.236018693
new_2_771.mat,0.182486779
new_2_772.mat,0.231500770
new_2_773.mat,0.259877330
new_2_774.mat,0.286073995
new_2_775.mat,0.124770665
new_2_776.mat,0.196762140
new_2_777.mat,0.421615616
new_2_778.mat,0.129123931
new_2_779.mat,0.264750612
new_2_780.mat,0.258505547
new_2_781.mat,0.154872811
new_2_782.mat,0.336088717
new_2_783.mat,0.269332486
new_2_784.mat,0.276572175
new_2_785.mat,0.334813994
new_2_786.mat,0.221181601
new_2_787.mat,0.316332552
new_2_788.mat,0.201014442
new_2_789.mat,0.160049818
new_2_790.mat,0.355242967
new_2_791.mat,0.209322316
new_2_792.mat,0.338673926
new_2_793.mat,0.163653934
new_2_794.mat,0.158873637
new_2_795.mat,0.352963870
new_2_796.mat,0.203000560
new_2_797.mat,0.106612435
new_2_798.mat,0.287230216
new_2_799.mat,0.759326290
new_2_800.mat,0.249962583
new_2_801.mat,0.334824417
new_2_802.mat,0.211155716
new_2_803.mat,0.062176325
new_2_804.mat,0.297617616
new_2_805.mat,0.279575864
new_2_806.mat,0.299200979
new_2_807.mat,0.215365484
new_2_808.mat,0.127769930
new_2_809.mat,0.173231996
new_2_810.mat,0.151510520
new_2_811.mat,0.401387066
new_2_812.mat,0.170065430
new_2_813.mat,0.150700200
new_2_814.mat,0.318041830
new_2_815.mat,0.208095667
new_2_816.mat,0.117397828
new_2_817.mat,0.111174222
new_2_818.mat,0.187234946
new_2_819.mat,0.099542272
new_2_820.mat,0.171507193
new_2_821.mat,0.091534273
new_2_822.mat,0.273335720
new_2_823.mat,0.157448023
new_2_824.mat,0.434540436
new_2_825.mat,0.138037333
new_2_826.mat,0.282677828
new_2_827.mat,0.326057769
new_2_828.mat,0.128811979
new_2_829.mat,0.242588098
new_2_830.mat,0.408901157
new_2_831.mat,0.150413538
new_2_832.mat,0.239623513
new_2_833.mat,0.165241779
new_2_834.mat,0.768226272
new_2_835.mat,0.318088700
new_2_836.mat,0.280390308
new_2_837.mat,0.202621616
new_2_838.mat,0.376052924
new_2_839.mat,0.276615587
new_2_840.mat,0.170501052
new_2_841.mat,0.278730074
new_2_842.mat,0.198911543
new_2_843.mat,0.261805908
new_2_844.mat,0.094983528
new_2_845.mat,0.299834194
new_2_846.mat,0.224470586
new_2_847.mat,0.330806950
new_2_848.mat,0.063658486
new_2_849.mat,0.347694114
new_2_850.mat,0.202751013
new_2_851.mat,0.014961201
new_2_852.mat,0.023660354
new_2_853.mat,0.156424321
new_2_854.mat,0.215889561
new_2_855.mat,0.242376269
new_2_856.mat,0.058200426
new_2_857.mat,0.005062980
new_2_858.mat,0.344411184
new_2_859.mat,0.028893317
new_2_860.mat,0.151861462
new_2_861.mat,0.087836483
new_2_862.mat,0.367356142
new_2_863.mat,0.106721704
new_2_864.mat,0.392584379
new_2_865.mat,0.286515364
new_2_866.mat,0.249204463
new_2_867.mat,0.322840734
new_2_868.mat,0.147421701
new_2_869.mat,0.169311478
new_2_870.mat,0.250414445
new_2_871.mat,0.369524760
new_2_872.mat,0.344459653
new_2_873.mat,0.022805969
new_2_874.mat,0.470549328
new_2_875.mat,0.336010171
new_2_876.mat,0.093802707
new_2_877.mat,0.148539178
new_2_878.mat,0.158880215
new_2_879.mat,0.088068693
new_2_880.mat,0.165516374
new_2_881.mat,0.039530502
new_2_882.mat,0.069345978
new_2_883.mat,0.259507245
new_2_884.mat,0.252171145
new_2_885.mat,0.323111494
new_2_886.mat,0.352970464
new_2_887.mat,0.221926330
new_2_888.mat,0.249849295
new_2_889.mat,0.276720158
new_2_890.mat,0.015103638
new_2_891.mat,0.467969662
new_2_892.mat,0.463451333
new_2_893.mat,0.177217707
new_2_894.mat,0.354136151
new_2_895.mat,0.251951341
new_2_896.mat,0.206915481
new_2_897.mat,0.184223134
new_2_898.mat,0.198295548
new_2_899.mat,0.179055898
new_2_900.mat,0.118775963
new_2_901.mat,0.292838075
new_2_902.mat,0.298805798
new_2_903.mat,0.269875156
new_2_904.mat,0.304065647
new_2_905.mat,0.135176966
new_2_906.mat,0.154936129
new_2_907.mat,0.168969304
new_2_908.mat,0.264344954
new_2_909.mat,0.065952441
new_2_910.mat,0.204204710
new_2_911.mat,0.251522748
new_2_912.mat,0.099753704
new_2_913.mat,0.205939245
new_2_914.mat,0.200313227
new_2_915.mat,0.238691800
new_2_916.mat,0.358604315
new_2_917.mat,0.173836329
new_2_918.mat,0.290485890
new_2_919.mat,0.197288073
new_2_920.mat,0.163148371
new_2_921.mat,0.216359681
new_2_922.mat,0.251593402
new_2_923.mat,0.206997302
new_2_924.mat,0.700395568
new_2_925.mat,0.279587250
new_2_926.mat,0.104039944
new_2_927.mat,0.112254538
new_2_928.mat,0.303112969
new_2_929.mat,0.185298033
new_2_930.mat,0.217004892
new_2_931.mat,0.129958728
new_2_932.mat,0.134632486
new_2_933.mat,0.286498746
new_2_934.mat,0.318373850
new_2_935.mat,0.236504816
new_2_936.mat,0.186481039
new_2_937.mat,0.083052431
new_2_938.mat,0.089894490
new_2_939.mat,0.293302580
new_2_940.mat,0.257719874
new_2_941.mat,0.252756357
new_2_942.mat,0.109024266
new_2_943.mat,0.134663066
new_2_944.mat,0.213603974
new_2_945.mat,0.169631193
new_2_946.mat,0.209512429
new_2_947.mat,0.014927230
new_2_948.mat,0.294401699
new_2_949.mat,0.192851810
new_2_950.mat,0.235420490
new_2_951.mat,0.204062145
new_2_952.mat,0.106679262
new_2_953.mat,0.131639448
new_2_954.mat,0.135982932
new_2_955.mat,0.384042284
new_2_956.mat,0.138918007
new_2_957.mat,0.208538601
new_2_958.mat,0.106566212
new_2_959.mat,0.026858431
new_2_960.mat,0.224136994
new_2_961.mat,0.648342426
new_2_962.mat,0.073937949
new_2_963.mat,0.202547664
new_2_964.mat,0.204189406
new_2_965.mat,0.278148113
new_2_966.mat,0.264212632
new_2_967.mat,0.159833186
new_2_968.mat,0.167991957
new_2_969.mat,0.323357780
new_2_970.mat,0.246814170
new_2_971.mat,0.140999351
new_2_972.mat,0.124201397
new_2_973.mat,0.224281451
new_2_974.mat,0.098244162
new_2_975.mat,0.204576817
new_2_976.mat,0.125340889
new_2_977.mat,0.327930820
new_2_978.mat,0.178850727
new_2_979.mat,0.155724137
new_2_980.mat,0.361814575
new_2_981.mat,0.155429470
new_2_982.mat,0.095040935
new_2_983.mat,0.177083148
new_2_984.mat,0.319891201
new_2_985.mat,0.236117974
new_2_986.mat,0.123260293
new_2_987.mat,0.407306111
new_2_988.mat,0.114681142
new_2_989.mat,0.265956809
new_2_990.mat,0.199797162
new_2_991.mat,0.261694615
new_2_992.mat,0.121155471
new_2_993.mat,0.209105579
new_2_994.mat,0.314771807
new_2_995.mat,0.143596283
new_2_996.mat,0.016413859
new_2_997.mat,0.116576083
new_2_998.mat,0.569000019
new_2_999.mat,0.160365060
new_2_1000.mat,0.210143839
new_2_1001.mat,0.294763263
new_2_1002.mat,0.324437435
new_3_1.mat,0.286796391
new_3_2.mat,0.223069413
new_3_3.mat,0.223864531
new_3_4.mat,0.257744437
new_3_5.mat,0.106062268
new_3_6.mat,0.181884557
new_3_7.mat,0.315121112
new_3_8.mat,0.306539763
new_3_9.mat,0.205268520
new_3_10.mat,0.430252217
new_3_11.mat,0.054072620
new_3_12.mat,0.227512517
new_3_13.mat,0.214241885
new_3_14.mat,0.123938894
new_3_15.mat,0.291558713
new_3_16.mat,0.067769778
new_3_17.mat,0.229202703
new_3_18.mat,0.277742107
new_3_19.mat,0.287647995
new_3_20.mat,0.266457735
new_3_21.mat,0.762964086
new_3_22.mat,0.083086776
new_3_23.mat,0.245164931
new_3_24.mat,0.294984338
new_3_25.mat,0.233005247
new_3_26.mat,0.264570213
new_3_27.mat,0.133739228
new_3_28.mat,0.304805923
new_3_29.mat,0.191389611
new_3_30.mat,0.196188585
new_3_31.mat,0.143501957
new_3_32.mat,0.189431473
new_3_33.mat,0.122392474
new_3_34.mat,0.074550494
new_3_35.mat,0.134156744
new_3_36.mat,0.266317677
new_3_37.mat,0.139512662
new_3_38.mat,0.164611654
new_3_39.mat,0.080332330
new_3_40.mat,0.114545623
new_3_41.mat,0.206711822
new_3_42.mat,0.235231392
new_3_43.mat,0.257683468
new_3_44.mat,0.175029258
new_3_45.mat,0.297682276
new_3_46.mat,0.125740941
new_3_47.mat,0.079756944
new_3_48.mat,0.256360809
new_3_49.mat,0.345121624
new_3_50.mat,0.221140738
new_3_51.mat,0.267524853
new_3_52.mat,0.152100287
new_3_53.mat,0.350729049
new_3_54.mat,0.227982527
new_3_55.mat,0.215133526
new_3_56.mat,0.312334800
new_3_57.mat,0.222096612
new_3_58.mat,0.315285724
new_3_59.mat,0.243797906
new_3_60.mat,0.252613662
new_3_61.mat,0.063747494
new_3_62.mat,0.229531276
new_3_63.mat,0.343119936
new_3_64.mat,0.322276694
new_3_65.mat,0.240545084
new_3_66.mat,0.146906205
new_3_67.mat,0.216729013
new_3_68.mat,0.244411743
new_3_69.mat,0.255908032
new_3_70.mat,0.242191518
new_3_71.mat,0.327086782
new_3_72.mat,0.140136576
new_3_73.mat,0.308718706
new_3_74.mat,0.203765096
new_3_75.mat,0.073283230
new_3_76.mat,0.190691089
new_3_77.mat,0.277818083
new_3_78.mat,0.216727582
new_3_79.mat,0.157565390
new_3_80.mat,0.111566995
new_3_81.mat,0.237964051
new_3_82.mat,0.169415538
new_3_83.mat,0.196878339
new_3_84.mat,0.297366302
new_3_85.mat,0.261527308
new_3_86.mat,0.193874787
new_3_87.mat,0.200457069
new_3_88.mat,0.140503778
new_3_89.mat,0.213557881
new_3_90.mat,0.136876789
new_3_91.mat,0.225318840
new_3_92.mat,0.052999349
new_3_93.mat,0.277488801
new_3_94.mat,0.129928179
new_3_95.mat,0.144757987
new_3_96.mat,0.124908517
new_3_97.mat,0.185238137
new_3_98.mat,0.260436755
new_3_99.mat,0.062152334
new_3_100.mat,0.203567277
new_3_101.mat,0.433359503
new_3_102.mat,0.233979974
new_3_103.mat,0.099863344
new_3_104.mat,0.411831290
new_3_105.mat,0.273685644
new_3_106.mat,0.119895745
new_3_107.mat,0.282158616
new_3_108.mat,0.267710471
new_3_109.mat,0.227225586
new_3_110.mat,0.160759543
new_3_111.mat,0.120295728
new_3_112.mat,0.193035653
new_3_113.mat,0.268387599
new_3_114.mat,0.352372236
new_3_115.mat,0.190457997
new_3_116.mat,0.272871690
new_3_117.mat,0.157124480
new_3_118.mat,0.297169495
new_3_119.mat,0.206505123
new_3_120.mat,0.112788872
new_3_121.mat,0.180957163
new_3_122.mat,0.219790187
new_3_123.mat,0.247641626
new_3_124.mat,0.329720845
new_3_125.mat,0.054090825
new_3_126.mat,0.144637283
new_3_127.mat,0.228771531
new_3_128.mat,0.163410067
new_3_129.mat,0.279056072
new_3_130.mat,0.507835408
new_3_131.mat,0.392309399
new_3_132.mat,0.254516790
new_3_133.mat,0.132297904
new_3_134.mat,0.266437136
new_3_135.mat,0.135052282
new_3_136.mat,0.123558428
new_3_137.mat,0.075349522
new_3_138.mat,0.100582707
new_3_139.mat,0.157320834
new_3_140.mat,0.299727949
new_3_141.mat,0.131551476
new_3_142.mat,0.309211280
new_3_143.mat,0.098188151
new_3_144.mat,0.204086251
new_3_145.mat,0.256175467
new_3_146.mat,0.098831285
new_3_147.mat,0.165393692
new_3_148.mat,0.269472057
new_3_149.mat,0.212066527
new_3_150.mat,0.223982531
new_3_151.mat,0.312622437
new_3_152.mat,0.238999777
new_3_153.mat,0.157758358
new_3_154.mat,0.154365002
new_3_155.mat,0.305088836
new_3_156.mat,0.135903975
new_3_157.mat,0.238888335
new_3_158.mat,0.086474538
new_3_159.mat,0.121932805
new_3_160.mat,0.107863409
new_3_161.mat,0.295711479
new_3_162.mat,0.306437645
new_3_163.mat,0.231783784
new_3_164.mat,0.288540363
new_3_165.mat,0.277404877
new_3_166.mat,0.247691785
new_3_167.mat,0.210212473
new_3_168.mat,0.313645939
new_3_169.mat,0.197982186
new_3_170.mat,0.240321036
new_3_171.mat,0.185780133
new_3_172.mat,0.105358195
new_3_173.mat,0.189868895
new_3_174.mat,0.134986167
new_3_175.mat,0.173937342
new_3_176.mat,0.069675564
new_3_177.mat,0.139453259
new_3_178.mat,0.164200334
new_3_179.mat,0.306219231
new_3_180.mat,0.193990451
new_3_181.mat,0.188654421
new_3_182.mat,0.376953855
new_3_183.mat,0.108190399
new_3_184.mat,0.247190264
new_3_185.mat,0.281617326
new_3_186.mat,0.341389783
new_3_187.mat,0.107609932
new_3_188.mat,0.085222413
new_3_189.mat,0.301555050
new_3_190.mat,0.258566050
new_3_191.mat,0.205496887
new_3_192.mat,0.160435294
new_3_193.mat,0.138150519
new_3_194.mat,0.093144643
new_3_195.mat,0.192688025
new_3_196.mat,0.218958416
new_3_197.mat,0.211943893
new_3_198.mat,0.166024648
new_3_199.mat,0.244794099
new_3_200.mat,0.072853928
new_3_201.mat,0.256435603
new_3_202.mat,0.213080710
new_3_203.mat,0.159285006
new_3_204.mat,0.134221915
new_3_205.mat,0.051060508
new_3_206.mat,0.193404617
new_3_207.mat,0.345020409
new_3_208.mat,0.095846435
new_3_209.mat,0.270888607
new_3_210.mat,0.389411500
new_3_211.mat,0.127793698
new_3_212.mat,0.095294736
new_3_213.mat,0.328441568
new_3_214.mat,0.218137945
new_3_215.mat,0.190566149
new_3_216.mat,0.317708534
new_3_217.mat,0.237914027
new_3_218.mat,0.222450288
new_3_219.mat,0.264683672
new_3_220.mat,0.143506214
new_3_221.mat,0.075350976
new_3_222.mat,0.189540985
new_3_223.mat,0.102718119
new_3_224.mat,0.343871045
new_3_225.mat,0.221636520
new_3_226.mat,0.184701330
new_3_227.mat,0.361249705
new_3_228.mat,0.215724262
new_3_229.mat,0.259699996
new_3_230.mat,0.139395768
new_3_231.mat,0.176416794
new_3_232.mat,0.171226451
new_3_233.mat,0.221884101
new_3_234.mat,0.208096391
new_3_235.mat,0.186110492
new_3_236.mat,0.155095856
new_3_237.mat,0.105999045
new_3_238.mat,0.326031032
new_3_239.mat,0.155889209
new_3_240.mat,0.136152671
new_3_241.mat,0.288699035
new_3_242.mat,0.292167455
new_3_243.mat,0.217332711
new_3_244.mat,0.312717202
new_3_245.mat,0.193833241
new_3_246.mat,0.108580982
new_3_247.mat,0.126317509
new_3_248.mat,0.544588402
new_3_249.mat,0.102178929
new_3_250.mat,0.158933656
new_3_251.mat,0.243532177
new_3_252.mat,0.178269801
new_3_253.mat,0.334515750
new_3_254.mat,0.135648811
new_3_255.mat,0.298422658
new_3_256.mat,0.136069641
new_3_257.mat,0.368374679
new_3_258.mat,0.329511324
new_3_259.mat,0.155144611
new_3_260.mat,0.173278738
new_3_261.mat,0.105606200
new_3_262.mat,0.157192059
new_3_263.mat,0.362625515
new_3_264.mat,0.235586302
new_3_265.mat,0.197378530
new_3_266.mat,0.080142788
new_3_267.mat,0.179934992
new_3_268.mat,0.266374609
new_3_269.mat,0.199020267
new_3_270.mat,0.188971931
new_3_271.mat,0.186728105
new_3_272.mat,0.371669968
new_3_273.mat,0.165865393
new_3_274.mat,0.220103726
new_3_275.mat,0.197832112
new_3_276.mat,0.201043111
new_3_277.mat,0.111698939
new_3_278.mat,0.301196564
new_3_279.mat,0.220077716
new_3_280.mat,0.282425327
new_3_281.mat,0.188283233
new_3_282.mat,0.081350839
new_3_283.mat,0.292998069
new_3_284.mat,0.153848196
new_3_285.mat,0.256257205
new_3_286.mat,0.234270089
new_3_287.mat,0.256094521
new_3_288.mat,0.104173769
new_3_289.mat,0.248777531
new_3_290.mat,0.266319258
new_3_291.mat,0.255585233
new_3_292.mat,0.263446497
new_3_293.mat,0.200753322
new_3_294.mat,0.145635802
new_3_295.mat,0.116031712
new_3_296.mat,0.163842127
new_3_297.mat,0.499968792
new_3_298.mat,0.186227758
new_3_299.mat,0.247592168
new_3_300.mat,0.192678473
new_3_301.mat,0.210188806
new_3_302.mat,0.316417704
new_3_303.mat,0.182537643
new_3_304.mat,0.196786796
new_3_305.mat,0.212541599
new_3_306.mat,0.195499257
new_3_307.mat,0.308167046
new_3_308.mat,0.197006359
new_3_309.mat,0.214758368
new_3_310.mat,0.289571351
new_3_311.mat,0.101395286
new_3_312.mat,0.223056598
new_3_313.mat,0.245140181
new_3_314.mat,0.158960388
new_3_315.mat,0.281460030
new_3_316.mat,0.142214007
new_3_317.mat,0.195365089
new_3_318.mat,0.321932650
new_3_319.mat,0.240310118
new_3_320.mat,0.184644366
new_3_321.mat,0.331185967
new_3_322.mat,0.268101751
new_3_323.mat,0.128534748
new_3_324.mat,0.233521768
new_3_325.mat,0.206669341
new_3_326.mat,0.294736968
new_3_327.mat,0.138076484
new_3_328.mat,0.357805119
new_3_329.mat,0.162057779
new_3_330.mat,0.187448740
new_3_331.mat,0.273230359
new_3_332.mat,0.280959580
new_3_333.mat,0.231030858
new_3_334.mat,0.062878314
new_3_335.mat,0.203734299
new_3_336.mat,0.365198233
new_3_337.mat,0.424079722
new_3_338.mat,0.158056644
new_3_339.mat,0.283297741
new_3_340.mat,0.216951027
new_3_341.mat,0.149468694
new_3_342.mat,0.406439884
new_3_343.mat,0.279948263
new_3_344.mat,0.126460778
new_3_345.mat,0.182705568
new_3_346.mat,0.088503801
new_3_347.mat,0.305823854
new_3_348.mat,0.319242118
new_3_349.mat,0.146337874
new_3_350.mat,0.360164654
new_3_351.mat,0.172975259
new_3_352.mat,0.334449858
new_3_353.mat,0.211525742
new_3_354.mat,0.128799262
new_3_355.mat,0.319561225
new_3_356.mat,0.297607253
new_3_357.mat,0.222622717
new_3_358.mat,0.246348967
new_3_359.mat,0.373584641
new_3_360.mat,0.203972981
new_3_361.mat,0.214733704
new_3_362.mat,0.302995108
new_3_363.mat,0.365035468
new_3_364.mat,0.196204205
new_3_365.mat,0.245567304
new_3_366.mat,0.259029447
new_3_367.mat,0.263496656
new_3_368.mat,0.248019878
new_3_369.mat,0.091855813
new_3_370.mat,0.279142713
new_3_371.mat,0.203126423
new_3_372.mat,0.190597243
new_3_373.mat,0.114241520
new_3_374.mat,0.249273197
new_3_375.mat,0.192602242
new_3_376.mat,0.215257182
new_3_377.mat,0.178183783
new_3_378.mat,0.225419163
new_3_379.mat,0.173766695
new_3_380.mat,0.141586510
new_3_381.mat,0.168698718
new_3_382.mat,0.082347202
new_3_383.mat,0.273441210
new_3_384.mat,0.281599698
new_3_385.mat,0.219310291
new_3_386.mat,0.171341320
new_3_387.mat,0.139622141
new_3_388.mat,0.106633636
new_3_389.mat,0.241867937
new_3_390.mat,0.094366454
new_3_391.mat,0.205201578
new_3_392.mat,0.274492230
new_3_393.mat,0.141821843
new_3_394.mat,0.181037898
new_3_395.mat,0.248785869
new_3_396.mat,0.210593856
new_3_397.mat,0.123584745
new_3_398.mat,0.199116565
new_3_399.mat,0.111815613
new_3_400.mat,0.372083729
new_3_401.mat,0.201473639
new_3_402.mat,0.118399776
new_3_403.mat,0.304432188
new_3_404.mat,0.365632015
new_3_405.mat,0.219315308
new_3_406.mat,0.074548769
new_3_407.mat,0.082002321
new_3_408.mat,0.336679413
new_3_409.mat,0.107562064
new_3_410.mat,0.210170217
new_3_411.mat,0.150010451
new_3_412.mat,0.143316389
new_3_413.mat,0.212917815
new_3_414.mat,0.091967833
new_3_415.mat,0.162608065
new_3_416.mat,0.171186767
new_3_417.mat,0.298131277
new_3_418.mat,0.222091062
new_3_419.mat,0.096653179
new_3_420.mat,0.278797001
new_3_421.mat,0.284896886
new_3_422.mat,0.141628866
new_3_423.mat,0.324696566
new_3_424.mat,0.205195286
new_3_425.mat,0.133327615
new_3_426.mat,0.206624036
new_3_427.mat,0.101057282
new_3_428.mat,0.138299173
new_3_429.mat,0.185535323
new_3_430.mat,0.294226305
new_3_431.mat,0.261675890
new_3_432.mat,0.184113928
new_3_433.mat,0.304713889
new_3_434.mat,0.230400836
new_3_435.mat,0.297463612
new_3_436.mat,0.242346963
new_3_437.mat,0.393784511
new_3_438.mat,0.201672130
new_3_439.mat,0.150559085
new_3_440.mat,0.231821471
new_3_441.mat,0.113463930
new_3_442.mat,0.235241626
new_3_443.mat,0.158807637
new_3_444.mat,0.118916150
new_3_445.mat,0.468455166
new_3_446.mat,0.257539267
new_3_447.mat,0.274821926
new_3_448.mat,0.137121528
new_3_449.mat,0.144083497
new_3_450.mat,0.110805782
new_3_451.mat,0.374907249
new_3_452.mat,0.121351946
new_3_453.mat,0.375156308
new_3_454.mat,0.239335186
new_3_455.mat,0.106742514
new_3_456.mat,0.145391519
new_3_457.mat,0.122128136
new_3_458.mat,0.330712713
new_3_459.mat,0.143310590
new_3_460.mat,0.287583004
new_3_461.mat,0.095433124
new_3_462.mat,0.328065730
new_3_463.mat,0.378721554
new_3_464.mat,0.156099211
new_3_465.mat,0.212368222
new_3_466.mat,0.324448334
new_3_467.mat,0.229474209
new_3_468.mat,0.244902594
new_3_469.mat,0.350434462
new_3_470.mat,0.217556956
new_3_471.mat,0.145694751
new_3_472.mat,0.278212305
new_3_473.mat,0.354587015
new_3_474.mat,0.254609429
new_3_475.mat,0.223061201
new_3_476.mat,0.402939457
new_3_477.mat,0.109123618
new_3_478.mat,0.235191352
new_3_479.mat,0.368512174
new_3_480.mat,0.105550133
new_3_481.mat,0.256938720
new_3_482.mat,0.110856240
new_3_483.mat,0.105629214
new_3_484.mat,0.059326614
new_3_485.mat,0.111786547
new_3_486.mat,0.188862085
new_3_487.mat,0.167229084
new_3_488.mat,0.270564328
new_3_489.mat,0.212560274
new_3_490.mat,0.106528529
new_3_491.mat,0.401813495
new_3_492.mat,0.330189901
new_3_493.mat,0.394402053
new_3_494.mat,0.230816705
new_3_495.mat,0.092026695
new_3_496.mat,0.247311713
new_3_497.mat,0.634273628
new_3_498.mat,0.183380399
new_3_499.mat,0.388677043
new_3_500.mat,0.084251240
new_3_501.mat,0.121821887
new_3_502.mat,0.123156104
new_3_503.mat,0.273710467
new_3_504.mat,0.206040656
new_3_505.mat,0.257189923
new_3_506.mat,0.204612600
new_3_507.mat,0.336352148
new_3_508.mat,0.173360660
new_3_509.mat,0.274661956
new_3_510.mat,0.241389165
new_3_511.mat,0.138771296
new_3_512.mat,0.258040679
new_3_513.mat,0.136362032
new_3_514.mat,0.121356611
new_3_515.mat,0.161965589
new_3_516.mat,0.240335595
new_3_517.mat,0.463426450
new_3_518.mat,0.147929604
new_3_519.mat,0.312886806
new_3_520.mat,0.098142846
new_3_521.mat,0.248451331
new_3_522.mat,0.098870770
new_3_523.mat,0.105440624
new_3_524.mat,0.166915269
new_3_525.mat,0.215942663
new_3_526.mat,0.226826833
new_3_527.mat,0.125087625
new_3_528.mat,0.383481600
new_3_529.mat,0.300580032
new_3_530.mat,0.256943294
new_3_531.mat,0.110779941
new_3_532.mat,0.244288644
new_3_533.mat,0.160740375
new_3_534.mat,0.085121198
new_3_535.mat,0.124172892
new_3_536.mat,0.116793986
new_3_537.mat,0.281195523
new_3_538.mat,0.176308608
new_3_539.mat,0.139255102
new_3_540.mat,0.156938577
new_3_541.mat,0.218247031
new_3_542.mat,0.408463616
new_3_543.mat,0.321606442
new_3_545.mat,0.296180722
new_3_546.mat,0.410133482
new_3_547.mat,0.334068686
new_3_548.mat,0.249384509
new_3_549.mat,0.113257647
new_3_550.mat,0.210927352
new_3_551.mat,0.203650889
new_3_552.mat,0.320430373
new_3_553.mat,0.190940494
new_3_554.mat,0.093321420
new_3_555.mat,0.125085175
new_3_556.mat,0.147017116
new_3_557.mat,0.216749659
new_3_558.mat,0.182768999
new_3_559.mat,0.241688249
new_3_560.mat,0.206605381
new_3_561.mat,0.420828930
new_3_562.mat,0.348895992
new_3_563.mat,0.270963122
new_3_564.mat,0.090833837
new_3_565.mat,0.283459848
new_3_566.mat,0.324431547
new_3_567.mat,0.107159138
new_3_568.mat,0.273847544
new_3_569.mat,0.159938643
new_3_570.mat,0.155711679
new_3_571.mat,0.149876175
new_3_572.mat,0.261198789
new_3_573.mat,0.127000022
new_3_574.mat,0.175361840
new_3_575.mat,0.113009624
new_3_576.mat,0.200950472
new_3_577.mat,0.244498720
new_3_578.mat,0.191827212
new_3_579.mat,0.086254207
new_3_580.mat,0.274307804
new_3_581.mat,0.296536328
new_3_582.mat,0.046572596
new_3_583.mat,0.092946062
new_3_584.mat,0.315266444
new_3_585.mat,0.123717005
new_3_586.mat,0.224019053
new_3_587.mat,0.254779469
new_3_588.mat,0.132166134
new_3_589.mat,0.317428073
new_3_590.mat,0.285081749
new_3_591.mat,0.230004738
new_3_592.mat,0.133752612
new_3_593.mat,0.112739490
new_3_594.mat,0.268834146
new_3_595.mat,0.265975066
new_3_596.mat,0.100997289
new_3_597.mat,0.229251559
new_3_598.mat,0.206441460
new_3_599.mat,0.131490780
new_3_600.mat,0.115084425
new_3_601.mat,0.201759727
new_3_602.mat,0.292597536
new_3_603.mat,0.198820036
new_3_604.mat,0.094127598
new_3_605.mat,0.282119526
new_3_606.mat,0.208650717
new_3_607.mat,0.055421602
new_3_608.mat,0.105710363
new_3_609.mat,0.208357646
new_3_610.mat,0.260916208
new_3_611.mat,0.172631206
new_3_612.mat,0.471967452
new_3_613.mat,0.159039495
new_3_614.mat,0.254834850
new_3_615.mat,0.097308133
new_3_616.mat,0.315423634
new_3_617.mat,0.228792377
new_3_618.mat,0.262040729
new_3_619.mat,0.144157152
new_3_620.mat,0.225688421
new_3_621.mat,0.149063366
new_3_622.mat,0.129731610
new_3_623.mat,0.158367037
new_3_624.mat,0.369828295
new_3_625.mat,0.174561809
new_3_626.mat,0.212832342
new_3_627.mat,0.319509611
new_3_628.mat,0.187590392
new_3_629.mat,0.105467337
new_3_630.mat,0.170444220
new_3_631.mat,0.202991718
new_3_632.mat,0.434130681
new_3_633.mat,0.146502178
new_3_634.mat,0.352265526
new_3_635.mat,0.173181462
new_3_636.mat,0.205220842
new_3_637.mat,0.191399311
new_3_638.mat,0.269362251
new_3_639.mat,0.098740467
new_3_640.mat,0.444831801
new_3_641.mat,0.312095451
new_3_642.mat,0.320563798
new_3_643.mat,0.309708421
new_3_644.mat,0.187523690
new_3_645.mat,0.274846444
new_3_646.mat,0.300903750
new_3_647.mat,0.107233698
new_3_648.mat,0.463995579
new_3_649.mat,0.179795335
new_3_650.mat,0.221928857
new_3_651.mat,0.237074766
new_3_652.mat,0.284252540
new_3_653.mat,0.284886088
new_3_654.mat,0.223666828
new_3_655.mat,0.220961983
new_3_656.mat,0.114067475
new_3_657.mat,0.262613496
new_3_658.mat,0.147529942
new_3_659.mat,0.243021473
new_3_660.mat,0.103381177
new_3_661.mat,0.066382355
new_3_662.mat,0.205201905
new_3_663.mat,0.112215322
new_3_664.mat,0.318837291
new_3_665.mat,0.212968366
new_3_666.mat,0.219611146
new_3_667.mat,0.135038400
new_3_668.mat,0.125848672
new_3_669.mat,0.168674147
new_3_670.mat,0.292049243
new_3_671.mat,0.356109759
new_3_672.mat,0.083683099
new_3_673.mat,0.216464889
new_3_674.mat,0.239038520
new_3_675.mat,0.193530591
new_3_676.mat,0.272268739
new_3_677.mat,0.280368458
new_3_678.mat,0.220802745
new_3_679.mat,0.381439377
new_3_680.mat,0.111480395
new_3_681.mat,0.058257909
new_3_682.mat,0.092747543
new_3_683.mat,0.264358100
new_3_684.mat,0.117096477
new_3_685.mat,0.337761002
new_3_686.mat,0.258785226
new_3_687.mat,0.215887812
new_3_688.mat,0.223198772
new_3_689.mat,0.200140489
new_3_690.mat,0.169906355
new_1_7.mat,0
new_1_13.mat,0
new_1_18.mat,0
new_1_20.mat,0
new_1_34.mat,0
new_1_72.mat,0
new_1_98.mat,0
new_1_147.mat,0
new_1_167.mat,0
new_1_177.mat,0
new_1_209.mat,0
new_2_26.mat,0
new_2_94.mat,0
new_2_140.mat,0
new_2_148.mat,0
new_2_420.mat,0
new_2_433.mat,0
new_2_499.mat,0
new_2_740.mat,0
new_3_544.mat,0
